Table,Outils,Remplace,Connecté,blocs
carton 1,hammer,,,green_resurgence:diams_cardboard_bed green_resurgence:diams_carton_petit green_resurgence:diams_carton_petit_entreouvert green_resurgence:diams_carton_petit_travers green_resurgence:milk_cardboard green_resurgence:cereals
carton 1,hammer,green_resurgence:teien_scaffolding,,green_resurgence:diams_carton_gros green_resurgence:teien_shulker_orange
carton 2,hammer,green_resurgence:teien_scaffolding,,green_resurgence:teien_pumpkin
papier 1,hammer,conquest:barnacle_covered_palm_wood_planks,,green_resurgence:teien_yellow_wool green_resurgence:teien_lime_wool green_resurgence:teien_light_gray_wool green_resurgence:teien_green_wool green_resurgence:teien_red_wool green_resurgence:teien_cyan_wool green_resurgence:teien_brown_wool green_resurgence:teien_blue_wool green_resurgence:teien_gray_wool
os 2,hammer,conquest:rocky_soil,,conquest:wall_mounted_moose_antler conquest:wall_mounted_deer_antler conquest:bone_wall_with_skeleton conquest:loamy_dirt_with_bones conquest:wall_of_skulls_and_bones
os 3,hammer,conquest:dusty_white_dirt,,conquest:clavicytherium minecraft:bone_block
verre 1,hammer,conquest:wooden_box,,green_resurgence:teien_dropper green_resurgence:diams_distributor_food_a_up_left green_resurgence:diams_distributor_food_a_up_right green_resurgence:diams_distributor_food_a_middle_left green_resurgence:diams_distributor_food_a_middle_right conquest:glass_paned_cabinets
verre 1,hammer,,,green_resurgence:teien_lime_stained_glass green_resurgence:teien_purple_stained_glass green_resurgence:teien_blue_stained_glass green_resurgence:teien_lime_stained_glass_pane green_resurgence:teien_purple_stained_glass_pane green_resurgence:teien_blue_stained_glass_pane green_resurgence:teien_lime_stained_glass_carpet green_resurgence:teien_purple_stained_glass_carpet green_resurgence:teien_blue_stained_glass_carpet conquest:wooden_mullion_window green_resurgence:teien_tinted_glass green_resurgence:teien_glass conquest:wooden_mullion_window_pane green_resurgence:teien_tinted_glass_pane green_resurgence:teien_glass_pane conquest:wooden_mullion_window_vertical_slab green_resurgence:teien_tinted_glass_carpet green_resurgence:teien_glass_carpet conquest:wooden_mullion_window_vertical_corner conquest:wooden_mullion_window_vertical_quarter conquest:square_byzantine_lattice_window minecraft:white_stained_glass green_resurgence:teien_white_stained_glass conquest:square_byzantine_lattice_window_pane conquest:white_stained_glass_pane green_resurgence:teien_white_stained_glass_pane conquest:square_byzantine_lattice_window_slab conquest:white_stained_glass_slab green_resurgence:teien_white_stained_glass_carpet conquest:square_byzantine_lattice_window_stairs conquest:white_stained_glass_stairs conquest:square_byzantine_lattice_window_vertical_slab conquest:white_stained_glass_vertical_slab conquest:square_byzantine_lattice_window_vertical_corner conquest:white_stained_glass_vertical_corner conquest:square_byzantine_lattice_window_vertical_quarter conquest:white_stained_glass_vertical_quarter minecraft:tinted_glass green_resurgence:teien_yellow_stained_glass conquest:glass_paned_cabinets_vertical_corner green_resurgence:teien_yellow_stained_glass_pane conquest:glass_paned_cabinets_vertical_slab green_resurgence:teien_yellow_stained_glass_carpet conquest:glass_paned_cabinets_vertical_quarter green_resurgence:teien_light_blue_stained_glass_alt green_resurgence:teien_light_blue_stained_glass_alt_pane green_resurgence:teien_light_blue_stained_glass_alt_carpet green_resurgence:diams_glass_trapdoor green_resurgence:teien_light_blue_stained_glass green_resurgence:teien_light_blue_stained_glass_pane green_resurgence:teien_light_blue_stained_glass_carpet green_resurgence:diams_broken_glass_trapdoor green_resurgence:diams_microwave_purple green_resurgence:diams_microwave_pink green_resurgence:diams_microwave_orange green_resurgence:diams_microwave_magenta green_resurgence:diams_microwave_lime green_resurgence:diams_microwave_light_gray green_resurgence:diams_microwave_red green_resurgence:diams_microwave_green green_resurgence:diams_microwave_gray green_resurgence:diams_microwave_cyan green_resurgence:diams_microwave_brown green_resurgence:diams_microwave_blue green_resurgence:diams_microwave_black green_resurgence:diams_microwave_yellow green_resurgence:diams_microwave_light_blue green_resurgence:diams_photo_frame_tree_table green_resurgence:diams_microwave_white green_resurgence:diams_photo_frame_portrait_wall green_resurgence:diams_photo_frame_zen_table green_resurgence:diams_photo_frame_tree_wall green_resurgence:diams_photo_frame_portrait_table green_resurgence:diams_photo_frame_zen_wall conquest:round_brown_wooden_frame_window conquest:round_brown_wooden_frame_window_pane conquest:round_brown_wooden_frame_window_vertical_slab conquest:round_brown_wooden_frame_window_vertical_corner conquest:round_brown_wooden_frame_window_vertical_quarter conquest:fancy_dragon_border_glass conquest:arched_green_wooden_frame_window minecraft:purple_stained_glass conquest:fancy_dragon_border_glass_pane conquest:arched_green_wooden_frame_window_pane conquest:purple_stained_glass_pane conquest:fancy_dragon_border_glass_vertical_slab conquest:arched_green_wooden_frame_window_vertical_slab conquest:purple_stained_glass_slab conquest:fancy_dragon_border_glass_vertical_corner conquest:arched_green_wooden_frame_window_vertical_corner conquest:purple_stained_glass_stairs conquest:fancy_dragon_border_glass_vertical_quarter conquest:arched_green_wooden_frame_window_vertical_quarter conquest:purple_stained_glass_vertical_slab conquest:purple_stained_glass_vertical_corner conquest:purple_stained_glass_vertical_quarter conquest:straight_glass_2 conquest:elongated_green_wooden_frame_window minecraft:magenta_stained_glass conquest:straight_glass_2_pane conquest:elongated_green_wooden_frame_window_pane conquest:magenta_stained_glass_pane conquest:straight_glass_2_slab conquest:elongated_green_wooden_frame_window_vertical_slab conquest:magenta_stained_glass_slab conquest:straight_glass_2_stairs conquest:elongated_green_wooden_frame_window_vertical_corner conquest:magenta_stained_glass_stairs conquest:straight_glass_2_vertical_slab conquest:elongated_green_wooden_frame_window_vertical_quarter conquest:magenta_stained_glass_vertical_slab conquest:straight_glass_2_vertical_corner conquest:magenta_stained_glass_vertical_corner conquest:straight_glass_2_vertical_quarter conquest:magenta_stained_glass_vertical_quarter conquest:fancy_sharp_arch_glass conquest:simple_green_wooden_frame_window minecraft:pink_stained_glass conquest:fancy_sharp_arch_glass_pane conquest:simple_green_wooden_frame_window_pane conquest:pink_stained_glass_pane conquest:fancy_sharp_arch_glass_vertical_slab conquest:simple_green_wooden_frame_window_slab conquest:pink_stained_glass_slab conquest:fancy_sharp_arch_glass_vertical_corner conquest:simple_green_wooden_frame_window_stairs conquest:pink_stained_glass_stairs conquest:fancy_sharp_arch_glass_vertical_quarter conquest:simple_green_wooden_frame_window_vertical_slab conquest:pink_stained_glass_vertical_slab conquest:simple_green_wooden_frame_window_vertical_corner conquest:pink_stained_glass_vertical_corner conquest:simple_green_wooden_frame_window_vertical_quarter conquest:pink_stained_glass_vertical_quarter conquest:circular_glass_2 conquest:round_yellow_wooden_frame_window conquest:elongated_brown_wooden_frame_window conquest:circular_glass_2_pane conquest:round_yellow_wooden_frame_window_pane conquest:elongated_brown_wooden_frame_window_pane conquest:circular_glass_2_slab conquest:round_yellow_wooden_frame_window_vertical_slab conquest:elongated_brown_wooden_frame_window_vertical_slab conquest:circular_glass_2_stairs conquest:round_yellow_wooden_frame_window_vertical_corner conquest:elongated_brown_wooden_frame_window_vertical_corner conquest:circular_glass_2_vertical_slab conquest:round_yellow_wooden_frame_window_vertical_quarter conquest:elongated_brown_wooden_frame_window_vertical_quarter conquest:circular_glass_2_vertical_corner conquest:circular_glass_2_vertical_quarter minecraft:glass conquest:arched_yellow_wooden_frame_window conquest:simple_brown_wooden_frame_window conquest:circular_glass_1_pane conquest:arched_yellow_wooden_frame_window_pane conquest:simple_brown_wooden_frame_window_pane conquest:circular_glass_1_slab conquest:arched_yellow_wooden_frame_window_vertical_slab conquest:simple_brown_wooden_frame_window_slab conquest:circular_glass_1_stairs conquest:arched_yellow_wooden_frame_window_vertical_corner conquest:simple_brown_wooden_frame_window_stairs conquest:circular_glass_1_vertical_slab conquest:arched_yellow_wooden_frame_window_vertical_quarter conquest:simple_brown_wooden_frame_window_vertical_slab conquest:circular_glass_1_vertical_corner conquest:simple_brown_wooden_frame_window_vertical_corner conquest:circular_glass_1_vertical_quarter conquest:simple_brown_wooden_frame_window_vertical_quarter conquest:wooden_gothic_window conquest:arched_brown_wooden_frame_window conquest:round_green_wooden_frame_window conquest:wooden_gothic_window_vertical_quarter conquest:arched_brown_wooden_frame_window_pane conquest:round_green_wooden_frame_window_pane conquest:wooden_gothic_window_vertical_corner conquest:arched_brown_wooden_frame_window_vertical_slab conquest:round_green_wooden_frame_window_vertical_slab conquest:wooden_gothic_window_vertical_slab conquest:arched_brown_wooden_frame_window_vertical_corner conquest:round_green_wooden_frame_window_vertical_corner conquest:wooden_gothic_window_pane conquest:arched_brown_wooden_frame_window_vertical_quarter conquest:round_green_wooden_frame_window_vertical_quarter conquest:wooden_arch_window conquest:limestone_gothic_window minecraft:lime_stained_glass conquest:wooden_arch_window_vertical_quarter conquest:limestone_gothic_window_pane conquest:lime_stained_glass_pane conquest:wooden_arch_window_vertical_corner conquest:limestone_gothic_window_vertical_slab conquest:lime_stained_glass_slab conquest:wooden_arch_window_vertical_slab conquest:limestone_gothic_window_vertical_corner conquest:lime_stained_glass_stairs conquest:wooden_arch_window_pane conquest:limestone_gothic_window_vertical_quarter conquest:lime_stained_glass_vertical_slab conquest:lime_stained_glass_vertical_corner conquest:lime_stained_glass_vertical_quarter conquest:tan_sandstone_gothic_window conquest:light_limestone_gothic_window minecraft:green_stained_glass conquest:tan_sandstone_gothic_window_vertical_quarter conquest:light_limestone_gothic_window_pane conquest:green_stained_glass_pane conquest:tan_sandstone_gothic_window_vertical_corner conquest:light_limestone_gothic_window_vertical_slab conquest:green_stained_glass_slab conquest:tan_sandstone_gothic_window_vertical_slab conquest:light_limestone_gothic_window_vertical_corner conquest:green_stained_glass_stairs conquest:tan_sandstone_gothic_window_pane conquest:light_limestone_gothic_window_vertical_quarter conquest:green_stained_glass_vertical_slab conquest:green_stained_glass_vertical_corner conquest:green_stained_glass_vertical_quarter conquest:sandstone_gothic_window conquest:straight_glass_1 minecraft:yellow_stained_glass conquest:sandstone_gothic_window_vertical_quarter conquest:straight_glass_1_pane conquest:yellow_stained_glass_pane conquest:sandstone_gothic_window_vertical_corner conquest:straight_glass_1_slab conquest:yellow_stained_glass_slab conquest:sandstone_gothic_window_vertical_slab conquest:straight_glass_1_stairs conquest:yellow_stained_glass_stairs conquest:sandstone_gothic_window_pane conquest:straight_glass_1_vertical_slab conquest:yellow_stained_glass_vertical_slab conquest:straight_glass_1_vertical_corner conquest:yellow_stained_glass_vertical_corner conquest:straight_glass_1_vertical_quarter conquest:yellow_stained_glass_vertical_quarter conquest:asian_window minecraft:black_stained_glass minecraft:light_blue_stained_glass conquest:asian_window_vertical_quarter conquest:black_stained_glass_vertical_quarter conquest:light_blue_stained_glass_pane conquest:asian_window_vertical_corner conquest:black_stained_glass_vertical_corner conquest:light_blue_stained_glass_slab conquest:asian_window_vertical_slab conquest:black_stained_glass_vertical_slab conquest:light_blue_stained_glass_stairs conquest:asian_window_pane conquest:black_stained_glass_stairs conquest:light_blue_stained_glass_vertical_slab conquest:black_stained_glass_slab conquest:light_blue_stained_glass_vertical_corner conquest:black_stained_glass_pane conquest:light_blue_stained_glass_vertical_quarter conquest:leaded_glass_window conquest:tree_decorated_window minecraft:blue_stained_glass conquest:leaded_glass_window_vertical_quarter conquest:tree_decorated_window_vertical_corner conquest:blue_stained_glass_pane conquest:leaded_glass_window_vertical_corner conquest:tree_decorated_window_vertical_slab conquest:blue_stained_glass_slab conquest:leaded_glass_window_vertical_slab conquest:tree_decorated_window_pane conquest:blue_stained_glass_stairs conquest:leaded_glass_window_pane conquest:tree_decorated_window_vertical_quarter conquest:blue_stained_glass_vertical_slab conquest:blue_stained_glass_vertical_corner conquest:blue_stained_glass_vertical_quarter conquest:gothic_sliding_window conquest:arabian_arched_window minecraft:orange_stained_glass conquest:gothic_sliding_window_vertical_quarter conquest:arabian_arched_window_vertical_corner conquest:orange_stained_glass_pane conquest:gothic_sliding_window_vertical_corner conquest:arabian_arched_window_vertical_slab conquest:orange_stained_glass_slab conquest:gothic_sliding_window_vertical_slab conquest:arabian_arched_window_pane conquest:orange_stained_glass_stairs conquest:gothic_sliding_window_pane conquest:arabian_arched_window_vertical_quarter conquest:orange_stained_glass_vertical_slab conquest:orange_stained_glass_vertical_corner conquest:orange_stained_glass_vertical_quarter conquest:lattice_window_panel_1 conquest:yellow_plaster_with_reinforced_circular_window minecraft:brown_stained_glass conquest:lattice_window_panel_1_vertical_quarter conquest:yellow_plaster_with_reinforced_circular_window_vertical_corner conquest:brown_stained_glass_pane conquest:lattice_window_panel_1_vertical_corner conquest:yellow_plaster_with_reinforced_circular_window_vertical_slab conquest:brown_stained_glass_slab conquest:lattice_window_panel_1_vertical_slab conquest:yellow_plaster_with_reinforced_circular_window_vertical_quarter conquest:brown_stained_glass_stairs conquest:lattice_window_panel_1_pane conquest:yellow_plaster_with_reinforced_circular_window_pane conquest:brown_stained_glass_vertical_slab conquest:brown_stained_glass_vertical_corner conquest:brown_stained_glass_vertical_quarter conquest:lattice_window_panel conquest:yellow_plaster_with_circular_window minecraft:red_stained_glass conquest:lattice_window_panel_vertical_quarter conquest:yellow_plaster_with_circular_window_vertical_corner conquest:red_stained_glass_pane conquest:lattice_window_panel_vertical_corner conquest:yellow_plaster_with_circular_window_vertical_slab conquest:red_stained_glass_slab conquest:lattice_window_panel_vertical_slab conquest:yellow_plaster_with_circular_window_pane conquest:red_stained_glass_stairs conquest:lattice_window_panel_pane conquest:yellow_plaster_with_circular_window_vertical_quarter conquest:red_stained_glass_vertical_slab conquest:red_stained_glass_vertical_corner conquest:red_stained_glass_vertical_quarter conquest:small_diamond_pattern_glass_window conquest:white_plaster_with_reinforced_circular_window conquest:white_roundel_leaded_glass conquest:small_diamond_pattern_glass_window_vertical_quarter conquest:white_plaster_with_reinforced_circular_window_vertical_quarter conquest:white_roundel_leaded_glass_pane conquest:small_diamond_pattern_glass_window_vertical_corner conquest:white_plaster_with_reinforced_circular_window_vertical_corner conquest:white_roundel_leaded_glass_vertical_slab conquest:small_diamond_pattern_glass_window_vertical_slab conquest:white_plaster_with_reinforced_circular_window_pane conquest:white_roundel_leaded_glass_vertical_corner conquest:small_diamond_pattern_glass_window_pane conquest:white_plaster_with_reinforced_circular_window_vertical_slab conquest:white_roundel_leaded_glass_vertical_quarter conquest:simple_square_pattern_glass_window conquest:white_plaster_with_circular_window minecraft:light_gray_stained_glass conquest:simple_square_pattern_glass_window_vertical_quarter conquest:white_plaster_with_circular_window_pane conquest:light_gray_stained_glass_vertical_quarter conquest:simple_square_pattern_glass_window_vertical_corner conquest:white_plaster_with_circular_window_vertical_slab conquest:light_gray_stained_glass_vertical_corner conquest:simple_square_pattern_glass_window_vertical_slab conquest:white_plaster_with_circular_window_vertical_corner conquest:light_gray_stained_glass_vertical_slab conquest:simple_square_pattern_glass_window_pane conquest:white_plaster_with_circular_window_vertical_quarter conquest:light_gray_stained_glass_stairs conquest:light_gray_stained_glass_slab conquest:light_gray_stained_glass_pane conquest:diagonal_square_pattern_glass_window conquest:red_asian_window minecraft:gray_stained_glass conquest:diagonal_square_pattern_glass_window_vertical_quarter conquest:red_asian_window_vertical_quarter conquest:gray_stained_glass_vertical_quarter conquest:diagonal_square_pattern_glass_window_vertical_corner conquest:red_asian_window_vertical_corner conquest:gray_stained_glass_vertical_corner conquest:diagonal_square_pattern_glass_window_vertical_slab conquest:red_asian_window_vertical_slab conquest:gray_stained_glass_vertical_slab conquest:diagonal_square_pattern_glass_window_pane conquest:red_asian_window_pane conquest:gray_stained_glass_stairs conquest:gray_stained_glass_slab conquest:gray_stained_glass_pane conquest:light_limestone_lattice_window conquest:elongated_white_wooden_frame_window conquest:elongated_yellow_wooden_frame_window conquest:light_limestone_lattice_window_pane conquest:elongated_white_wooden_frame_window_vertical_quarter conquest:elongated_yellow_wooden_frame_window_vertical_quarter conquest:light_limestone_lattice_window_slab conquest:elongated_white_wooden_frame_window_vertical_corner conquest:elongated_yellow_wooden_frame_window_vertical_corner conquest:light_limestone_lattice_window_stairs conquest:elongated_white_wooden_frame_window_vertical_slab conquest:elongated_yellow_wooden_frame_window_vertical_slab conquest:light_limestone_lattice_window_vertical_slab conquest:elongated_white_wooden_frame_window_pane conquest:elongated_yellow_wooden_frame_window_pane conquest:light_limestone_lattice_window_vertical_corner conquest:light_limestone_lattice_window_vertical_quarter conquest:granite_art_noveau_window conquest:simple_white_wooden_frame_window conquest:simple_yellow_wooden_frame_window conquest:granite_art_noveau_window_pane conquest:simple_white_wooden_frame_window_pane conquest:simple_yellow_wooden_frame_window_pane conquest:granite_art_noveau_window_vertical_slab conquest:simple_white_wooden_frame_window_slab conquest:simple_yellow_wooden_frame_window_vertical_quarter conquest:granite_art_noveau_window_vertical_corner conquest:simple_white_wooden_frame_window_stairs conquest:simple_yellow_wooden_frame_window_slab conquest:granite_art_noveau_window_vertical_quarter conquest:simple_white_wooden_frame_window_vertical_slab conquest:simple_yellow_wooden_frame_window_stairs conquest:simple_white_wooden_frame_window_vertical_corner conquest:simple_yellow_wooden_frame_window_vertical_slab conquest:simple_white_wooden_frame_window_vertical_quarter conquest:simple_yellow_wooden_frame_window_vertical_corner conquest:simple_arch_window conquest:limestone_sun_lattice_window conquest:round_white_wooden_frame_window conquest:simple_arch_window_pane conquest:limestone_sun_lattice_window_vertical_quarter conquest:round_white_wooden_frame_window_vertical_quarter conquest:simple_arch_window_vertical_slab conquest:limestone_sun_lattice_window_vertical_corner conquest:round_white_wooden_frame_window_vertical_corner conquest:simple_arch_window_vertical_corner conquest:limestone_sun_lattice_window_vertical_slab conquest:round_white_wooden_frame_window_vertical_slab conquest:simple_arch_window_vertical_quarter conquest:limestone_sun_lattice_window_slab conquest:round_white_wooden_frame_window_pane conquest:limestone_sun_lattice_window_pane conquest:stained_glass_gothic_window conquest:light_limestone_sun_lattice_window conquest:arched_white_wooden_frame_window conquest:stained_glass_gothic_window_vertical_quarter conquest:light_limestone_sun_lattice_window_vertical_slab conquest:arched_white_wooden_frame_window_vertical_corner conquest:stained_glass_gothic_window_pane conquest:light_limestone_sun_lattice_window_slab conquest:arched_white_wooden_frame_window_vertical_quarter conquest:stained_glass_gothic_window_vertical_corner conquest:light_limestone_sun_lattice_window_vertical_corner conquest:arched_white_wooden_frame_window_pane conquest:stained_glass_gothic_window_vertical_slab conquest:light_limestone_sun_lattice_window_vertical_quarter conquest:arched_white_wooden_frame_window_vertical_slab conquest:light_limestone_sun_lattice_window_pane
verre 2,hammer,,,conquest:glass_paned_cabinets conquest:wooden_cupboards_and_glass_cabinets conquest:fancy_wooden_cabinet green_resurgence:diams_tv_old_black green_resurgence:diams_tv_old_black_broken green_resurgence:diams_tv_old_gray green_resurgence:diams_tv_old_gray_broken green_resurgence:diams_tv_realy_old_oak green_resurgence:diams_tv_realy_old_oak_broken green_resurgence:diams_tv_realy_old_spruce green_resurgence:diams_tv_realy_old_spruce_broken minecraft:diamond_block conquest:oxidized_copper_mirror conquest:fancy_gold_mirror conquest:mirror conquest:tailor_mirror conquest:hourglass
feraille 1,hammer,minecraft:cracked_nether_bricks,,green_resurgence:last_days_bookshelf green_resurgence:last_days_gold_block green_resurgence:last_days_nether_gold_ore green_resurgence:diams_shopping_cart green_resurgence:diams_barrel_blue_down green_resurgence:diams_barrel_blue_up green_resurgence:diams_barrel_red_down green_resurgence:diams_barrel_red_up green_resurgence:diams_barrel_rust_down green_resurgence:diams_barrel_rust_up
feraille 1,hammer,,,conquest:rounded_chest conquest:cutting_table conquest:railed_hand_cart green_resurgence:diams_trash_can_square_exterior_wood conquest:hand_cart conquest:small_barrels conquest:barrel_of_wine conquest:broken_rusty_round_barrel conquest:empty_rusty_round_barrel conquest:empty_round_barrel conquest:rusty_round_barrel conquest:round_barrel conquest:short_round_barrel conquest:cooking_brazier conquest:metal_cruet green_resurgence:diams_shower_wall_head green_resurgence:diams_shower_round_wall_head green_resurgence:diams_shower_round_head_with_hand green_resurgence:diams_shower_round_head green_resurgence:diams_shower_round_ceiling_head green_resurgence:diams_shower_mixer green_resurgence:diams_shower_head_with_hand green_resurgence:diams_shower_head green_resurgence:diams_shower_ceiling_head conquest:brazier conquest:hanging_brazier conquest:chandelier conquest:candelabra conquest:cross_chandelier minecraft:orange_candle minecraft:green_candle minecraft:magenta_candle conquest:iron_candelabrum_1 minecraft:white_candle minecraft:gray_candle minecraft:light_blue_candle conquest:hand_candle conquest:hanging_candle_holder conquest:candles conquest:big_lantern minecraft:lantern conquest:small_lantern conquest:victorian_lantern conquest:metal_plate conquest:stone_plate conquest:stone_plate_with_water conquest:stone_sacrificial_plate green_resurgence:last_days_glass_pane green_resurgence:last_days_glass_carpet green_resurgence:last_days_glass green_resurgence:teien_orange_stained_glass green_resurgence:teien_orange_stained_glass_pane green_resurgence:teien_orange_stained_glass_carpet green_resurgence:teien_cyan_stained_glass_pane green_resurgence:teien_cyan_stained_glass green_resurgence:teien_cyan_stained_glass_carpet green_resurgence:teien_magenta_stained_glass green_resurgence:teien_magenta_stained_glass_pane green_resurgence:teien_magenta_stained_glass_carpet green_resurgence:teien_iron_bars_pane green_resurgence:teien_iron_bars_carpet green_resurgence:teien_iron_bars green_resurgence:diams_paint_bucket_blue_red green_resurgence:diams_radiator_white_solo green_resurgence:diams_radiator_white_right green_resurgence:diams_radiator_white_central green_resurgence:diams_radiator_white_left conquest:tea_kettle green_resurgence:teien_rusty_beam_carpet green_resurgence:teien_dead_horn_coral_fan_carpet green_resurgence:diams_trash_can_fast_food_gray green_resurgence:diams_trash_can_fast_food_green green_resurgence:diams_trash_can_fast_food_red green_resurgence:diams_trash_can_fast_food_black conquest:cast_iron_cooking_pot green_resurgence:diams_ladder_tall_foldable green_resurgence:teien_shulker_green_slab green_resurgence:teien_shulker_gray_slab green_resurgence:diams_table/plastic_old_red green_resurgence:diams_table/plastic_old_black green_resurgence:diams_table/plastic_old_white green_resurgence:diams_table/plastic_old_orange green_resurgence:diams_table/plastic_old_magenta green_resurgence:diams_table/plastic_old_light_blue green_resurgence:diams_table/plastic_old_yellow green_resurgence:diams_table/plastic_old_lime green_resurgence:diams_table/plastic_old_pink green_resurgence:diams_table/plastic_old_gray green_resurgence:diams_table/plastic_old_light_gray green_resurgence:diams_table/plastic_old_cyan green_resurgence:diams_table/plastic_old_purple green_resurgence:diams_table/plastic_old_blue green_resurgence:diams_table/plastic_old_brown green_resurgence:diams_table/plastic_old_green green_resurgence:diams_sign_exclamation_carpet green_resurgence:diams_sign_exclamation_post green_resurgence:diams_sign_no_way_carpet green_resurgence:diams_sign_no_way_post green_resurgence:diams_sign_parking_carpet green_resurgence:diams_sign_parking_post green_resurgence:diams_sign_stop_carpet green_resurgence:diams_sign_stop_post green_resurgence:diams_sign_arrow_left_carpet green_resurgence:diams_sign_arrow_left_post green_resurgence:diams_sign_arrow_right_carpet green_resurgence:diams_sign_arrow_right_post green_resurgence:diams_register_black green_resurgence:diams_bucket_metal_water green_resurgence:diams_bucket_metal_empty conquest:circular_saw conquest:straight_saw conquest:chains_on_the_ground minecraft:lightning_rod conquest:weather_vane conquest:large_iron_bucket green_resurgence:diams_trash_can_big green_resurgence:diams_trash_can_round_iron conquest:iron_skillet green_resurgence:diams_trash_can_round_green conquest:iron_tripod_pot conquest:stove conquest:empty_barrel_with_grille conquest:barrel_of_dirt conquest:cast_iron_bowl conquest:crate_of_coal conquest:cast_iron_pot conquest:barrel_of_clay conquest:cast_iron_cauldron conquest:empty_barrel conquest:cast_iron_pan
feraille 2,hammer,minecraft:cracked_nether_bricks,,green_resurgence:diams_distributor_food_a_down_left green_resurgence:diams_distributor_food_a_down_right green_resurgence:last_days_pink_glazed_terracotta green_resurgence:last_days_lime_glazed_terracotta green_resurgence:last_days_cyan_glazed_terracotta green_resurgence:last_days_bone_block green_resurgence:last_days_red_glazed_terracotta green_resurgence:last_days_lapis_block green_resurgence:last_days_coal_block green_resurgence:teien_redstone_block green_resurgence:last_days_smoker green_resurgence:diams_kitchen_dish_washer green_resurgence:diams_kitchen_cloth_cleaning_machine green_resurgence:diams_fridge_up green_resurgence:diams_fridge_up_square green_resurgence:diams_fridge_bottom green_resurgence:last_days_furnace green_resurgence:diams_air_vent green_resurgence:teien_shulker_white green_resurgence:teien_smoker
feraille 2,hammer,,,green_resurgence:last_days_bookshelf green_resurgence:last_days_gold_block green_resurgence:last_days_nether_gold_ore green_resurgence:diams_shopping_cart green_resurgence:diams_barrel_blue_down green_resurgence:diams_barrel_blue_up green_resurgence:diams_barrel_red_down green_resurgence:diams_barrel_red_up green_resurgence:diams_barrel_rust_down green_resurgence:diams_barrel_rust_up
feraille 3,hammer,conquest:rusty_iron_block,,conquest:blue_table_stool conquest:bronze_3_legged_table conquest:sack_of_gold conquest:sack_of_rubies conquest:full_chest_of_gold conquest:crate_of_iron_ore conquest:crate_of_lapis_lazuli conquest:full_barrel_of_gold_ore conquest:crate_of_diamonds conquest:crate_of_emeralds green_resurgence:last_days_pink_glazed_terracotta green_resurgence:last_days_lime_glazed_terracotta green_resurgence:last_days_cyan_glazed_terracotta green_resurgence:last_days_coal_block green_resurgence:last_days_lapis_block green_resurgence:last_days_bone_block green_resurgence:last_days_red_glazed_terracotta minecraft:gold_block conquest:pile_of_gold_coins conquest:gold_bar_pile conquest:fancy_gilded_pattern conquest:bronze_block_with_dragon_design conquest:bronze_block
feraille 3,hammer,,,conquest:pewter_jug_and_cups conquest:bronze_side_table conquest:standing_two_legged_table conquest:cosmetic_box conquest:pendulum_clock conquest:oxidized_bronze_bucket conquest:copper_amphora conquest:copper_belly_amphora conquest:flagon conquest:bronze_oinochoe conquest:bronze_cooking_pot minecraft:yellow_candle conquest:golden_candelabrum_1 conquest:elven_hand_light minecraft:pink_candle conquest:candle_in_a_lantern conquest:chinese_palace_lantern minecraft:purple_candle minecraft:red_candle conquest:hanging_oil_lamp conquest:oil_lamp minecraft:soul_campfire minecraft:soul_lantern conquest:fancy_bronze_brazier conquest:fancy_round_bronze_brazier conquest:round_bronze_lantern conquest:bronze_candle_lantern conquest:cast_iron_candle_lantern conquest:iron_candle_lantern conquest:copper_candle_lantern conquest:metal_tankard conquest:wine_goblet conquest:goblet conquest:silver_arabian_ewer_and_salver conquest:copper_arabian_ewer_and_salver conquest:wooden_telescope conquest:metal_telescope conquest:abacus conquest:scale conquest:golden_astrolabe conquest:armillary_sphere conquest:sextant conquest:silver_astrolabe conquest:gold_coins_on_the_ground conquest:silver_coins_on_the_ground
feraille 4,hammer,,,conquest:carpenter_bench conquest:kitchen_cabinets_with_tools conquest:spade conquest:hoe conquest:fire_shovel conquest:fire_rake conquest:hammer conquest:crosscut_saw conquest:rack_of_maces conquest:rack_of_pistols conquest:mounted_rack_of_tongs_and_hammers conquest:rack_of_tongs_and_hammers conquest:pitchfork conquest:scythe conquest:iron_hatchet conquest:rack_of_axes conquest:rack_of_sickles_and_hatchets conquest:rack_of_crossbows conquest:rack_of_war_hammers conquest:rack_of_daggers conquest:rack_of_military_flails conquest:rack_of_swords
feraille 4,hammer,minecraft:cracked_nether_bricks,,green_resurgence:last_days_smithing_table
feraille 5,hammer,,,conquest:cannonball green_resurgence:diams_fire_extinguisher green_resurgence:diams_fire_extinguisher_wall green_resurgence:diams_gaz_bottle green_resurgence:diams_gaz_bottle_pile green_resurgence:diams_gaz_bottle_big green_resurgence:diams_chair_gaming_green green_resurgence:diams_chair_gaming_blue green_resurgence:diams_chair_gaming_black
feraille 5,hammer,minecraft:cracked_nether_bricks,,conquest:metal_gear_box conquest:large_metal_pot conquest:cauldron_with_grille green_resurgence:diams_safe_open green_resurgence:diams_safe_close green_resurgence:last_days_purple_glazed_terracotta green_resurgence:teien_barrel green_resurgence:teien_emerald_block green_resurgence:diams_barrel_toxic_down green_resurgence:diams_barrel_toxic_up
ceramique 1,hammer,,,conquest:ash_glazed_terracotta_bowls conquest:glazed_terracotta_bowls conquest:terracotta_bowls conquest:porcelain_plate conquest:fancy_mortar_and_pestle conquest:mortar_and_pestle conquest:small_clay_pot conquest:simple_terracotta_neck_amphora conquest:cooking_brazier conquest:terracotta_bowl conquest:clay_butter_churn conquest:tall_commercial_amphora conquest:amphora_2 conquest:amphora conquest:pot_of_water conquest:inkwell conquest:clay_pot conquest:terracotta_oil_lamp conquest:terracotta_cooking_pot conquest:clay_jug conquest:ceramic_jug conquest:commercial_amphora conquest:large_amphora
ceramique 1,hammer,conquest:clay_brick_mixed_dark_brown_mortar_cobbles,,conquest:red_egyptian_clay_vase conquest:tall_painted_egyptian_vessel_on_a_stand conquest:dolium conquest:tall_painted_egyptian_vessel conquest:egyptian_vase conquest:large_clay_pot conquest:red_egyptian_vase conquest:white_egyptian_vase conquest:egyptian_flower_pot conquest:vase conquest:terracotta_urn
ceramique 2,hammer,conquest:worn_light_limestone_cobble,,conquest:bronze_3_legged_table conquest:painted_amphora_2 green_resurgence:diams_sink_pedestal_ceramic green_resurgence:diams_sink_noplate_ceramic green_resurgence:diams_toilet_white green_resurgence:diams_toilet_black green_resurgence:diams_kitchen_cabinet_sink_black green_resurgence:diams_kitchen_cabinet_sink_blue green_resurgence:diams_kitchen_cabinet_sink_brown green_resurgence:diams_kitchen_cabinet_sink_cyan green_resurgence:diams_kitchen_cabinet_sink_gray green_resurgence:diams_kitchen_cabinet_sink_green green_resurgence:diams_kitchen_cabinet_sink_purple green_resurgence:diams_kitchen_cabinet_sink_pink green_resurgence:diams_kitchen_cabinet_sink_orange green_resurgence:diams_kitchen_cabinet_sink_magenta green_resurgence:diams_kitchen_cabinet_sink_lime green_resurgence:diams_kitchen_cabinet_sink_light_gray green_resurgence:diams_kitchen_cabinet_sink_light_blue green_resurgence:diams_kitchen_cabinet_sink_red green_resurgence:diams_kitchen_cabinet_sink_yellow conquest:ceramic_vase green_resurgence:diams_bathtub_left_water green_resurgence:diams_bathtub_right_water green_resurgence:diams_bathtub_left_empty green_resurgence:diams_bathtub_right_empty green_resurgence:diams_kitchen_cabinet_sink_white
ceramique 3,hammer,,,conquest:moroccan_table_stool conquest:red_egyptian_clay_vase conquest:tall_painted_egyptian_vessel_on_a_stand conquest:dolium conquest:tall_painted_egyptian_vessel conquest:painted_amphora_2 conquest:bound_amphorae conquest:terracotta_urn conquest:clay_pot conquest:ceramic_jug conquest:commercial_amphora conquest:large_amphora conquest:vase conquest:red_egyptian_vase conquest:white_egyptian_vase conquest:egyptian_flower_pot conquest:ceramic_vase conquest:egyptian_vase conquest:large_clay_pot
plastique 1,hammer,conquest:wooden_box,,green_resurgence:diams_distributor_orange_up_left green_resurgence:diams_distributor_orange_middle_right green_resurgence:diams_distributor_orange_middle_left green_resurgence:diams_distributor_orange_down_right green_resurgence:diams_distributor_orange_up_right green_resurgence:diams_distributor_orange_down_left green_resurgence:diams_distributor_green_up_left green_resurgence:diams_distributor_green_up_right green_resurgence:diams_distributor_green_middle_left green_resurgence:diams_distributor_green_middle_right green_resurgence:diams_distributor_green_down_left green_resurgence:diams_distributor_green_down_right green_resurgence:diams_table/plastic_old_red green_resurgence:diams_table/plastic_old_black green_resurgence:diams_table/plastic_old_white green_resurgence:diams_table/plastic_old_orange green_resurgence:diams_table/plastic_old_magenta green_resurgence:diams_table/plastic_old_light_blue green_resurgence:diams_table/plastic_old_yellow green_resurgence:diams_table/plastic_old_lime green_resurgence:diams_table/plastic_old_pink green_resurgence:diams_table/plastic_old_gray green_resurgence:diams_table/plastic_old_light_gray green_resurgence:diams_table/plastic_old_cyan green_resurgence:diams_table/plastic_old_purple green_resurgence:diams_table/plastic_old_blue green_resurgence:diams_table/plastic_old_brown green_resurgence:diams_table/plastic_old_green
plastique 2,hammer,,,green_resurgence:diams_microwave_yellow green_resurgence:diams_microwave_white green_resurgence:diams_microwave_red green_resurgence:diams_microwave_purple green_resurgence:diams_microwave_pink green_resurgence:diams_microwave_orange green_resurgence:diams_microwave_magenta green_resurgence:diams_microwave_lime green_resurgence:diams_microwave_light_gray green_resurgence:diams_microwave_light_blue green_resurgence:diams_microwave_green green_resurgence:diams_microwave_gray green_resurgence:diams_microwave_cyan green_resurgence:diams_microwave_brown green_resurgence:diams_microwave_blue green_resurgence:diams_microwave_black green_resurgence:diams_tv_old_black green_resurgence:diams_tv_old_black_broken green_resurgence:diams_tv_old_gray green_resurgence:diams_tv_old_gray_broken green_resurgence:diams_fridge_up green_resurgence:diams_fridge_bottom green_resurgence:diams_fridge_up_square green_resurgence:teien_dropper green_resurgence:teien_dispenser green_resurgence:diams_kitchen_dish_washer green_resurgence:diams_air_vent green_resurgence:teien_shulker_white green_resurgence:diams_kitchen_cloth_cleaning_machine green_resurgence:diams_lamp/traffic_lamp_vertical green_resurgence:diams_lamp/traffic_lamp_horizontal green_resurgence:diams_plastic_fence green_resurgence:diams_computer_portable green_resurgence:diams_computer_1 green_resurgence:diams_computer_2 green_resurgence:diams_trash_can_square_exterior_green green_resurgence:diams_air_conditioner_left green_resurgence:diams_air_conditioner_right green_resurgence:diams_chair_metro_plastic_connector green_resurgence:diams_chair_metro_plastic_no_connector green_resurgence:diams_electrical_power_distributor green_resurgence:diams_electrical_power_box green_resurgence:diams_electrical_power_box_broken green_resurgence:diams_electrical_power_box_broken_door
bois 1,hammer,,,conquest:hoe conquest:double_ended_hoe conquest:dolabra conquest:mattock green_resurgence:diams_lamp/ceiling_lamp_fan conquest:winnowing_shovel conquest:winnowing_fan conquest:agricultural_flail conquest:wood_toothed_rake_harrow conquest:iron_pala_spade conquest:wooden_pala_spade conquest:light_iron_pala_spade conquest:light_wooden_rake conquest:iron_two_pronged_pitchfork conquest:wooden_three_pronged_pitchfork conquest:wooden_two_pronged_pitchfork conquest:wooden_pitchfork conquest:light_iron_rake conquest:threshing_fork conquest:pitchfork conquest:iron_three_pronged_pitchfork conquest:small_bench conquest:wooden_chamber_pot conquest:iron_toothed_triangular_harrow conquest:old_bench conquest:clothes_hanging_pole conquest:iron_toothed_rectangular_harrow conquest:bush_harrow conquest:spruce_wood_stool conquest:clothes_hanger conquest:wood_toothed_rectangular_harrow conquest:wood_toothed_triangular_harrow conquest:round_wooden_stool green_resurgence:diams_chair_sofa_black_solo green_resurgence:diams_chair_sofa_white_solo green_resurgence:diams_chair_sofa_orange_solo green_resurgence:diams_chair_sofa_magenta_solo green_resurgence:diams_chair_sofa_light_blue_solo green_resurgence:diams_chair_sofa_yellow_solo green_resurgence:diams_chair_sofa_lime_solo green_resurgence:diams_chair_sofa_pink_solo green_resurgence:diams_chair_sofa_gray_solo green_resurgence:diams_chair_sofa_light_gray_solo green_resurgence:diams_chair_sofa_cyan_solo green_resurgence:diams_chair_sofa_purple_solo green_resurgence:diams_chair_sofa_blue_solo green_resurgence:diams_chair_sofa_brown_solo green_resurgence:diams_chair_sofa_green_solo green_resurgence:diams_chair_sofa_red_solo conquest:mechanical_bellows conquest:sieve conquest:broom conquest:push_broom conquest:small_square_stool green_resurgence:diams_chair_sofa_black_right green_resurgence:diams_chair_sofa_white_right green_resurgence:diams_chair_sofa_orange_right green_resurgence:diams_chair_sofa_magenta_right green_resurgence:diams_chair_sofa_light_blue_right green_resurgence:diams_chair_sofa_yellow_right green_resurgence:diams_chair_sofa_lime_right green_resurgence:diams_chair_sofa_pink_right green_resurgence:diams_chair_sofa_gray_right green_resurgence:diams_chair_sofa_light_gray_right green_resurgence:diams_chair_sofa_cyan_right green_resurgence:diams_chair_sofa_purple_right green_resurgence:diams_chair_sofa_blue_right green_resurgence:diams_chair_sofa_brown_right green_resurgence:diams_chair_sofa_green_right green_resurgence:diams_chair_sofa_red_right conquest:short_broom conquest:carpentry_clamp conquest:hand_planer conquest:wooden_cross_stool green_resurgence:diams_chair_sofa_black_middle green_resurgence:diams_chair_sofa_white_middle green_resurgence:diams_chair_sofa_orange_middle green_resurgence:diams_chair_sofa_magenta_middle green_resurgence:diams_chair_sofa_light_blue_middle green_resurgence:diams_chair_sofa_yellow_middle green_resurgence:diams_chair_sofa_lime_middle green_resurgence:diams_chair_sofa_pink_middle green_resurgence:diams_chair_sofa_gray_middle green_resurgence:diams_chair_sofa_light_gray_middle green_resurgence:diams_chair_sofa_cyan_middle green_resurgence:diams_chair_sofa_purple_middle green_resurgence:diams_chair_sofa_blue_middle green_resurgence:diams_chair_sofa_brown_middle green_resurgence:diams_chair_sofa_green_middle green_resurgence:diams_chair_sofa_red_middle conquest:small_fancy_leather_stool conquest:square_stool green_resurgence:diams_chair_sofa_black_left green_resurgence:diams_chair_sofa_white_left green_resurgence:diams_chair_sofa_orange_left green_resurgence:diams_chair_sofa_magenta_left green_resurgence:diams_chair_sofa_light_blue_left green_resurgence:diams_chair_sofa_yellow_left green_resurgence:diams_chair_sofa_lime_left green_resurgence:diams_chair_sofa_pink_left green_resurgence:diams_chair_sofa_gray_left green_resurgence:diams_chair_sofa_light_gray_left green_resurgence:diams_chair_sofa_cyan_left green_resurgence:diams_chair_sofa_purple_left green_resurgence:diams_chair_sofa_blue_left green_resurgence:diams_chair_sofa_brown_left green_resurgence:diams_chair_sofa_green_left green_resurgence:diams_chair_sofa_red_left conquest:fancy_leather_stool conquest:cabinet conquest:simple_warp_weighted_loom conquest:two_beam_loom conquest:oak_wood_stool conquest:wooden_pole conquest:small_old_leather_stool conquest:grindstone conquest:hanging_barrel conquest:warp_weighted_loom conquest:standing_two_beam_loom conquest:small_oak_wood_stool conquest:pole_lathe_stick conquest:old_leather_stool conquest:plough minecraft:loom conquest:treadle_loom conquest:easel conquest:roman_wooden_chest green_resurgence:diams_umbrella_market_black green_resurgence:diams_umbrella_market_white green_resurgence:diams_umbrella_market_orange green_resurgence:diams_umbrella_market_magenta green_resurgence:diams_umbrella_market_light_blue green_resurgence:diams_umbrella_market_yellow green_resurgence:diams_umbrella_market_lime green_resurgence:diams_umbrella_market_pink green_resurgence:diams_umbrella_market_gray green_resurgence:diams_umbrella_market_light_gray green_resurgence:diams_umbrella_market_cyan green_resurgence:diams_umbrella_market_purple green_resurgence:diams_umbrella_market_blue green_resurgence:diams_umbrella_market_brown green_resurgence:diams_umbrella_market_green green_resurgence:diams_umbrella_market_red conquest:small_blue_cushion_stool conquest:crate_of_grapes conquest:crate_of_hops conquest:large_wooden_crate conquest:bronze_chest conquest:blue_cushion_stool conquest:tall_wooden_beehive conquest:crate_of_pipeweed conquest:crate_of_beetroot conquest:small_square_crate conquest:carpenters_chest green_resurgence:diams_chair_wool_black green_resurgence:diams_chair_wool_white green_resurgence:diams_chair_wool_orange green_resurgence:diams_chair_wool_magenta green_resurgence:diams_chair_wool_light_blue green_resurgence:diams_chair_wool_yellow green_resurgence:diams_chair_wool_lime green_resurgence:diams_chair_wool_pink green_resurgence:diams_chair_wool_gray green_resurgence:diams_chair_wool_light_gray green_resurgence:diams_chair_wool_cyan green_resurgence:diams_chair_wool_purple green_resurgence:diams_chair_wool_blue green_resurgence:diams_chair_wool_brown green_resurgence:diams_chair_wool_green green_resurgence:diams_chair_wool_red conquest:small_green_cushion_stool conquest:spinning_wheel conquest:crate_of_apples conquest:crate_of_cabbages conquest:wooden_bucket green_resurgence:diams_cutting_board conquest:green_cushion_stool conquest:pole_lathe_bench conquest:empty_crate conquest:scarecrow conquest:large_wooden_bucket conquest:empty_bucket green_resurgence:diams_ladder_tall_foldable conquest:small_red_cushion_stool conquest:small_old_wicker_basket_with_apples conquest:dark_wooden_bowls conquest:wall_mounted_moose_antler conquest:empty_barrel_stand green_resurgence:diams_chair_stool_military conquest:red_cushion_stool conquest:wooden_bowls conquest:wood_plate conquest:wall_mounted_deer_antler green_resurgence:diams_chair_stool_vintage conquest:blue_kline conquest:fancy_chair conquest:small_barrels conquest:3_legged_stool conquest:fancy_stool_base conquest:metal_folding_stool green_resurgence:diams_chair_wood_spruce_b conquest:white_kline conquest:rounded_chest green_resurgence:diams_trash_can_square_exterior_wood conquest:rustic_square_wooden_stool conquest:small_fancy_stool_base conquest:oak_chair green_resurgence:diams_chair_wood_oak_b conquest:yellow_kline conquest:fancy_throne conquest:roman_chair conquest:fabric_folding_stool conquest:rustic_bench conquest:dice_game green_resurgence:diams_chair_wood_spruce conquest:red_kline conquest:gothic_pine_arm_chair conquest:oak_spindle_rocking_chair conquest:gothic_oak_arm_chair conquest:wooden_washing_tub conquest:gwent_board green_resurgence:diams_chair_wood_oak conquest:folding_chair conquest:rustic_throne conquest:oak_spindle_chair conquest:wooden_folding_chair conquest:wooden_wheel conquest:chess_board green_resurgence:diams_chair_folding_spruce conquest:rustic_spruce_side_chair conquest:gothic_spruce_arm_chair conquest:small_oak_spindle_chair conquest:towel_rack conquest:spoked_wooden_wheel conquest:checker_board green_resurgence:diams_chair_folding_oak conquest:rustic_oak_side_chair conquest:royal_chair conquest:rustic_wooden_chair conquest:spruce_chair conquest:small_hand_cart conquest:playing_cards green_resurgence:diams_big_plank
bois 1,hammer,minecraft:spruce_planks,,green_resurgence:diams_table_square_nap_red_solo green_resurgence:diams_table_square_nap_red_middle green_resurgence:diams_table_square_nap_red_end green_resurgence:diams_table_square_nap_red_corner green_resurgence:diams_table_square_nap_red_center green_resurgence:diams_table_square_nap_red_border conquest:antique_wooden_cabinet conquest:dark_antique_wooden_cabinet conquest:light_blue_antique_wooden_cabinet conquest:blue_antique_wooden_cabinet conquest:green_antique_wooden_cabinet conquest:red_antique_wooden_cabinet conquest:white_antique_wooden_cabinet green_resurgence:diams_table_square_nap_green_middle green_resurgence:diams_table_square_nap_green_solo conquest:antique_wooden_closet conquest:dark_antique_wooden_closet conquest:light_blue_antique_wooden_closet conquest:blue_antique_wooden_closet conquest:green_antique_wooden_closet conquest:red_antique_wooden_closet conquest:white_antique_wooden_closet green_resurgence:diams_table_square_nap_green_end green_resurgence:diams_table_square_nap_green_corner green_resurgence:diams_table_square_nap_green_border green_resurgence:diams_table_square_nap_green_center conquest:antique_wooden_end_table conquest:dark_antique_wooden_end_table conquest:light_blue_antique_wooden_end_table conquest:blue_antique_wooden_end_table conquest:green_antique_wooden_end_table conquest:red_antique_wooden_end_table conquest:white_antique_wooden_end_table green_resurgence:diams_table_square_nap_blue_middle green_resurgence:diams_table_square_nap_blue_solo conquest:antique_wooden_drawer conquest:dark_antique_wooden_drawer conquest:light_blue_antique_wooden_drawer conquest:blue_antique_wooden_drawer conquest:green_antique_wooden_drawer conquest:red_antique_wooden_drawer conquest:white_antique_wooden_drawer green_resurgence:diams_table_square_nap_blue_end green_resurgence:diams_table_square_nap_blue_corner green_resurgence:diams_table_square_nap_blue_center green_resurgence:diams_table_square_nap_blue_border conquest:antique_wooden_bookcase conquest:dark_antique_wooden_bookcase conquest:light_blue_antique_wooden_bookcase conquest:blue_antique_wooden_bookcase conquest:green_antique_wooden_bookcase conquest:red_antique_wooden_bookcase conquest:white_antique_wooden_bookcase conquest:antique_wooden_dresser conquest:dark_antique_wooden_dresser conquest:light_blue_antique_wooden_dresser conquest:blue_antique_wooden_dresser conquest:green_antique_wooden_dresser conquest:red_antique_wooden_dresser conquest:white_antique_wooden_dresser conquest:antique_wooden_cupboard conquest:dark_antique_wooden_cupboard conquest:light_blue_antique_wooden_cupboard conquest:blue_antique_wooden_cupboard conquest:green_antique_wooden_cupboard conquest:red_antique_wooden_cupboard conquest:white_antique_wooden_cupboard conquest:carpenters_chest conquest:carved_relief_table conquest:fancy_wardrobe conquest:poor_wardrobe conquest:fancy_oak_wood_cabinets conquest:fancy_birch_wood_cabinets conquest:fancy_ash_wood_cabinets conquest:fancy_wooden_dresser conquest:cupboards conquest:spruce_wood_table conquest:empty_diamond_frame_scroll_rack conquest:rustic_square_wooden_table conquest:oak_wood_desk conquest:fancy_cabinet conquest:carpentry_table conquest:fancy_wooden_desk conquest:diamond_frame_scroll_rack conquest:cabinet conquest:oak_wood_table conquest:full_chest_of_gold conquest:fancy_bookshelf green_resurgence:last_days_chest1 conquest:fancy_table conquest:crate_of_iron_ore conquest:bookshelf green_resurgence:last_days_chest conquest:crate_of_lapis_lazuli conquest:fancy_arched_bookshelf green_resurgence:diams_table/cafe/table_cafe_spruce conquest:round_wooden_table conquest:full_barrel_of_gold_ore minecraft:lectern green_resurgence:teien_bookshelf green_resurgence:diams_table/cafe/table_cafe_oak conquest:crate_of_diamonds conquest:wheelbarrow green_resurgence:teien_chiseled_bookshelf green_resurgence:diams_table/basic_oak green_resurgence:diams_kitchen_cabinet_square_black green_resurgence:diams_kitchen_cabinet_square_white green_resurgence:diams_kitchen_cabinet_square_orange green_resurgence:diams_kitchen_cabinet_square_magenta green_resurgence:diams_kitchen_cabinet_square_light_blue green_resurgence:diams_kitchen_cabinet_square_yellow green_resurgence:diams_kitchen_cabinet_square_lime green_resurgence:diams_kitchen_cabinet_square_pink green_resurgence:diams_kitchen_cabinet_square_gray green_resurgence:diams_kitchen_cabinet_square_light_gray green_resurgence:diams_kitchen_cabinet_square_cyan green_resurgence:diams_kitchen_cabinet_square_purple green_resurgence:diams_kitchen_cabinet_square_blue green_resurgence:diams_kitchen_cabinet_square_brown green_resurgence:diams_kitchen_cabinet_square_green green_resurgence:diams_kitchen_cabinet_square_red conquest:crate_of_emeralds conquest:large_wooden_crate_of_food conquest:whitewashed_linen_chest green_resurgence:diams_table/basic_spruce green_resurgence:diams_kitchen_cabinet_sink_black green_resurgence:diams_kitchen_cabinet_sink_white green_resurgence:diams_kitchen_cabinet_sink_orange green_resurgence:diams_kitchen_cabinet_sink_magenta green_resurgence:diams_kitchen_cabinet_sink_light_blue green_resurgence:diams_kitchen_cabinet_sink_yellow green_resurgence:diams_kitchen_cabinet_sink_lime green_resurgence:diams_kitchen_cabinet_sink_pink green_resurgence:diams_kitchen_cabinet_sink_gray green_resurgence:diams_kitchen_cabinet_sink_light_gray green_resurgence:diams_kitchen_cabinet_sink_cyan green_resurgence:diams_kitchen_cabinet_sink_purple green_resurgence:diams_kitchen_cabinet_sink_blue green_resurgence:diams_kitchen_cabinet_sink_brown green_resurgence:diams_kitchen_cabinet_sink_green green_resurgence:diams_kitchen_cabinet_sink_red conquest:miscellaneous_shelves conquest:spice_rack green_resurgence:diams_small_wood_table green_resurgence:diams_kitchen_cabinet_glass_black green_resurgence:diams_kitchen_cabinet_glass_white green_resurgence:diams_kitchen_cabinet_glass_orange green_resurgence:diams_kitchen_cabinet_glass_magenta green_resurgence:diams_kitchen_cabinet_glass_light_blue green_resurgence:diams_kitchen_cabinet_glass_yellow green_resurgence:diams_kitchen_cabinet_glass_lime green_resurgence:diams_kitchen_cabinet_glass_pink green_resurgence:diams_kitchen_cabinet_glass_gray green_resurgence:diams_kitchen_cabinet_glass_light_gray green_resurgence:diams_kitchen_cabinet_glass_cyan green_resurgence:diams_kitchen_cabinet_glass_purple green_resurgence:diams_kitchen_cabinet_glass_blue green_resurgence:diams_kitchen_cabinet_glass_brown green_resurgence:diams_kitchen_cabinet_glass_green green_resurgence:diams_kitchen_cabinet_glass_red conquest:empty_barrel_with_grille conquest:barrel_of_dirt conquest:crate_of_coal conquest:barrel_of_clay conquest:empty_barrel green_resurgence:diams_table/folding_table/table_folding_oak green_resurgence:diams_kitchen_cabinet_drawer_black green_resurgence:diams_kitchen_cabinet_drawer_white green_resurgence:diams_kitchen_cabinet_drawer_orange green_resurgence:diams_kitchen_cabinet_drawer_magenta green_resurgence:diams_kitchen_cabinet_drawer_light_blue green_resurgence:diams_kitchen_cabinet_drawer_yellow green_resurgence:diams_kitchen_cabinet_drawer_lime green_resurgence:diams_kitchen_cabinet_drawer_pink green_resurgence:diams_kitchen_cabinet_drawer_gray green_resurgence:diams_kitchen_cabinet_drawer_light_gray green_resurgence:diams_kitchen_cabinet_drawer_cyan green_resurgence:diams_kitchen_cabinet_drawer_purple green_resurgence:diams_kitchen_cabinet_drawer_blue green_resurgence:diams_kitchen_cabinet_drawer_brown green_resurgence:diams_kitchen_cabinet_drawer_green green_resurgence:diams_kitchen_cabinet_drawer_red conquest:wooden_dovecote green_resurgence:diams_table/folding_table/table_folding_spruce green_resurgence:diams_kitchen_cabinet_door_black green_resurgence:diams_kitchen_cabinet_door_white green_resurgence:diams_kitchen_cabinet_door_orange green_resurgence:diams_kitchen_cabinet_door_magenta green_resurgence:diams_kitchen_cabinet_door_light_blue green_resurgence:diams_kitchen_cabinet_door_yellow green_resurgence:diams_kitchen_cabinet_door_lime green_resurgence:diams_kitchen_cabinet_door_pink green_resurgence:diams_kitchen_cabinet_door_gray green_resurgence:diams_kitchen_cabinet_door_light_gray green_resurgence:diams_kitchen_cabinet_door_cyan green_resurgence:diams_kitchen_cabinet_door_purple green_resurgence:diams_kitchen_cabinet_door_blue green_resurgence:diams_kitchen_cabinet_door_brown green_resurgence:diams_kitchen_cabinet_door_green green_resurgence:diams_kitchen_cabinet_door_red conquest:moroccan_table_stool conquest:hand_cart conquest:railed_hand_cart green_resurgence:diams_table/oak_fancy green_resurgence:diams_kitchen_cabinet_classic_black green_resurgence:diams_kitchen_cabinet_classic_white green_resurgence:diams_kitchen_cabinet_classic_orange green_resurgence:diams_kitchen_cabinet_classic_magenta green_resurgence:diams_kitchen_cabinet_classic_light_blue green_resurgence:diams_kitchen_cabinet_classic_yellow green_resurgence:diams_kitchen_cabinet_classic_lime green_resurgence:diams_kitchen_cabinet_classic_pink green_resurgence:diams_kitchen_cabinet_classic_gray green_resurgence:diams_kitchen_cabinet_classic_light_gray green_resurgence:diams_kitchen_cabinet_classic_cyan green_resurgence:diams_kitchen_cabinet_classic_purple green_resurgence:diams_kitchen_cabinet_classic_blue green_resurgence:diams_kitchen_cabinet_classic_brown green_resurgence:diams_kitchen_cabinet_classic_green green_resurgence:diams_kitchen_cabinet_classic_red conquest:carpenter_bench conquest:full_barrel_of_apples conquest:wine_barrel conquest:cutting_table green_resurgence:diams_table/spruce_fancy conquest:ash_plank_wooden_crate conquest:kitchen_cabinets_with_tools conquest:full_barrel_of_cabbage conquest:full_barrel_of_eggs conquest:rusty_round_barrel conquest:round_barrel conquest:tall_round_barrel conquest:wooden_box conquest:full_barrel_of_potatoes conquest:full_barrel_of_turnips conquest:barrel_of_wine conquest:empty_round_barrel conquest:short_round_barrel conquest:short_wooden_round_barrel conquest:oak_plank_wooden_crate conquest:full_barrel_of_cocoa conquest:full_barrel_of_fish conquest:broken_rusty_round_barrel conquest:empty_rusty_round_barrel conquest:empty_wooden_round_barrel conquest:wooden_round_barrel conquest:cloth_covered_crate
bois 2,hammer,,,conquest:pendulum_clock conquest:clavicytherium
pierre 4,hammer,,,conquest:grindstone conquest:smooth_tuff_rocks conquest:smooth_obsidian_rocks conquest:granite_rocks conquest:rough_marble_rocks conquest:slate_rocks conquest:andesite_rocks conquest:dark_limestone_rocks conquest:light_limestone_rocks conquest:pale_limestone_rocks conquest:limestone_rocks conquest:dark_obsidian_rocks conquest:light_tuff_rocks conquest:dark_tuff_rocks conquest:tuff_rocks conquest:obsidian_rocks conquest:red_sandstone_rocks conquest:mudstone_rocks conquest:graywacke_rocks conquest:blue_schist_rocks conquest:sandstone_rocks
pierre 5,hammer,,,green_resurgence:diams_concrete_fence green_resurgence:diams_concrete_side_road_blocker
pierre 6,hammer,,,conquest:red_plastered_roman_oven conquest:white_plastered_roman_oven conquest:incomplete_kiln conquest:broken_kiln conquest:small_kiln conquest:tall_kiln conquest:brick_pile
tissue 2,hammer,,,conquest:metal_folding_stool green_resurgence:last_days_yellow_wool_carpet green_resurgence:last_days_white_wool_carpet green_resurgence:last_days_red_wool_carpet green_resurgence:last_days_purple_wool_carpet green_resurgence:last_days_pink_wool_carpet green_resurgence:last_days_orange_wool_carpet green_resurgence:last_days_magenta_wool_carpet green_resurgence:last_days_lime_wool_carpet green_resurgence:last_days_light_gray_wool_carpet green_resurgence:last_days_light_blue_wool_carpet green_resurgence:last_days_green_wool_carpet green_resurgence:last_days_gray_wool_carpet green_resurgence:last_days_cyan_wool_carpet green_resurgence:last_days_brown_wool_carpet green_resurgence:last_days_blue_wool_carpet green_resurgence:last_days_black_wool_carpet green_resurgence:diams_table_square_nap_red_middle green_resurgence:diams_table_square_nap_red_border green_resurgence:diams_table_square_nap_red_center green_resurgence:diams_table_square_nap_red_corner green_resurgence:diams_table_square_nap_red_end green_resurgence:diams_table_square_nap_red_solo green_resurgence:diams_table_square_nap_green_center green_resurgence:diams_table_square_nap_green_middle green_resurgence:diams_table_square_nap_green_solo green_resurgence:diams_table_square_nap_green_end green_resurgence:diams_table_square_nap_green_corner green_resurgence:diams_table_square_nap_green_border green_resurgence:diams_table_square_nap_blue_end green_resurgence:diams_table_square_nap_blue_solo green_resurgence:diams_table_square_nap_blue_corner green_resurgence:diams_table_square_nap_blue_center green_resurgence:diams_table_square_nap_blue_border green_resurgence:diams_table_square_nap_blue_middle conquest:black_carpet_slab green_resurgence:diams_chair_wool_black conquest:black_carpet_quarter_slab green_resurgence:diams_chair_wool_white conquest:black_carpet_corner_slab green_resurgence:diams_chair_wool_orange conquest:black_carpet_eighth_slab green_resurgence:diams_chair_wool_magenta conquest:black_carpet_vertical_corner_slab green_resurgence:diams_chair_wool_light_blue conquest:black_carpet_vertical_slab green_resurgence:diams_chair_wool_yellow conquest:black_carpet_vertical_corner green_resurgence:diams_chair_wool_lime conquest:black_carpet_vertical_quarter green_resurgence:diams_chair_wool_pink green_resurgence:diams_chair_wool_gray green_resurgence:diams_chair_wool_light_gray green_resurgence:diams_chair_wool_cyan green_resurgence:diams_chair_wool_purple green_resurgence:diams_chair_wool_blue green_resurgence:diams_chair_wool_brown green_resurgence:diams_chair_wool_green green_resurgence:diams_chair_wool_red green_resurgence:diams_chair_stool_vintage conquest:gray_canvas_slab green_resurgence:diams_chair_stool_military conquest:gray_canvas_quarter_slab conquest:gray_canvas_corner_slab conquest:gray_canvas_eighth_slab conquest:gray_canvas_vertical_corner_slab conquest:gray_canvas_vertical_slab conquest:gray_canvas_vertical_corner conquest:gray_canvas_vertical_quarter conquest:gray_silk_slab conquest:cloth_covered_crate conquest:gray_silk_quarter_slab conquest:gray_silk_corner_slab conquest:gray_silk_eighth_slab conquest:gray_silk_vertical_corner_slab conquest:gray_silk_vertical_slab conquest:gray_silk_vertical_corner conquest:gray_silk_vertical_quarter conquest:gray_carpet_slab green_resurgence:diams_car/car_1/car_1_chair_small_black conquest:gray_carpet_quarter_slab conquest:gray_carpet_corner_slab conquest:gray_carpet_eighth_slab conquest:gray_carpet_vertical_corner_slab conquest:gray_carpet_vertical_slab conquest:gray_carpet_vertical_corner conquest:gray_carpet_vertical_quarter green_resurgence:diams_chair_gaming_green conquest:light_gray_canvas_slab green_resurgence:diams_chair_gaming_blue conquest:light_gray_canvas_quarter_slab conquest:light_gray_canvas_corner_slab conquest:light_gray_canvas_eighth_slab conquest:light_gray_canvas_vertical_corner_slab conquest:light_gray_canvas_vertical_slab conquest:light_gray_canvas_vertical_corner conquest:light_gray_canvas_vertical_quarter conquest:light_gray_silk_slab green_resurgence:diams_chair_gaming_black conquest:light_gray_silk_quarter_slab conquest:light_gray_silk_corner_slab conquest:light_gray_silk_eighth_slab conquest:light_gray_silk_vertical_corner_slab conquest:light_gray_silk_vertical_slab conquest:light_gray_silk_vertical_corner conquest:light_gray_silk_vertical_quarter conquest:light_gray_carpet_slab green_resurgence:last_days_chest conquest:light_gray_carpet_quarter_slab conquest:light_gray_carpet_corner_slab conquest:light_gray_carpet_eighth_slab conquest:light_gray_carpet_vertical_corner_slab conquest:light_gray_carpet_vertical_slab conquest:light_gray_carpet_vertical_corner conquest:light_gray_carpet_vertical_quarter green_resurgence:last_days_chest1 conquest:white_canvas_slab green_resurgence:diams_stool_ottoman_resort conquest:white_canvas_quarter_slab conquest:white_canvas_corner_slab conquest:white_canvas_eighth_slab conquest:white_canvas_vertical_corner_slab conquest:white_canvas_vertical_slab conquest:white_canvas_vertical_corner conquest:white_canvas_vertical_quarter conquest:white_silk_slab conquest:clothes_hanger conquest:white_silk_quarter_slab conquest:white_silk_corner_slab conquest:white_silk_eighth_slab conquest:white_silk_vertical_corner_slab conquest:white_silk_vertical_slab conquest:white_silk_vertical_corner conquest:white_silk_vertical_quarter conquest:white_carpet_slab conquest:towel_rack conquest:white_carpet_quarter_slab conquest:white_carpet_corner_slab conquest:white_carpet_eighth_slab conquest:white_carpet_vertical_corner_slab conquest:white_carpet_vertical_slab conquest:white_carpet_vertical_corner conquest:white_carpet_vertical_quarter conquest:clothes_hanging_pole conquest:red_canvas_slab minecraft:loom conquest:red_canvas_quarter_slab conquest:red_canvas_corner_slab conquest:red_canvas_eighth_slab conquest:red_canvas_vertical_corner_slab conquest:red_canvas_vertical_slab conquest:red_canvas_vertical_corner conquest:red_canvas_vertical_quarter conquest:red_silk_slab conquest:treadle_loom conquest:red_silk_quarter_slab conquest:red_silk_corner_slab conquest:red_silk_eighth_slab conquest:red_silk_vertical_corner_slab conquest:red_silk_vertical_slab conquest:red_silk_vertical_corner conquest:red_silk_vertical_quarter conquest:black_starry_patterned_silk_slab conquest:folding_chair conquest:black_starry_patterned_silk_quarter_slab conquest:black_starry_patterned_silk_corner_slab conquest:black_starry_patterned_silk_eighth_slab conquest:black_starry_patterned_silk_vertical_corner_slab conquest:black_starry_patterned_silk_vertical_slab conquest:black_starry_patterned_silk_vertical_corner conquest:black_starry_patterned_silk_vertical_quarter conquest:black_floral_patterned_silk_slab conquest:black_floral_patterned_silk_quarter_slab conquest:black_floral_patterned_silk_corner_slab conquest:black_floral_patterned_silk_eighth_slab conquest:black_floral_patterned_silk_vertical_corner_slab conquest:black_floral_patterned_silk_vertical_slab conquest:black_floral_patterned_silk_vertical_corner conquest:black_floral_patterned_silk_vertical_quarter conquest:fabric_folding_stool conquest:blue_carpet_slab conquest:roman_chair conquest:blue_carpet_quarter_slab conquest:blue_carpet_corner_slab conquest:blue_carpet_eighth_slab conquest:blue_carpet_vertical_corner_slab conquest:blue_carpet_vertical_slab conquest:blue_carpet_vertical_corner conquest:blue_carpet_vertical_quarter conquest:blue_starry_patterned_silk_slab conquest:royal_chair conquest:blue_starry_patterned_silk_quarter_slab conquest:blue_starry_patterned_silk_corner_slab conquest:blue_starry_patterned_silk_eighth_slab conquest:blue_starry_patterned_silk_vertical_corner_slab conquest:blue_starry_patterned_silk_vertical_slab conquest:blue_starry_patterned_silk_vertical_corner conquest:blue_starry_patterned_silk_vertical_quarter conquest:blue_floral_patterned_silk_slab conquest:gothic_spruce_arm_chair conquest:blue_floral_patterned_silk_quarter_slab conquest:blue_floral_patterned_silk_corner_slab conquest:blue_floral_patterned_silk_eighth_slab conquest:blue_floral_patterned_silk_vertical_corner_slab conquest:blue_floral_patterned_silk_vertical_slab conquest:blue_floral_patterned_silk_vertical_corner conquest:blue_floral_patterned_silk_vertical_quarter conquest:blue_canvas_slab conquest:gothic_pine_arm_chair conquest:blue_canvas_quarter_slab conquest:blue_canvas_corner_slab conquest:blue_canvas_eighth_slab conquest:blue_canvas_vertical_corner_slab conquest:blue_canvas_vertical_slab conquest:blue_canvas_vertical_corner conquest:blue_canvas_vertical_quarter conquest:rustic_throne conquest:orange_carpet_slab conquest:fancy_chair conquest:orange_carpet_quarter_slab conquest:orange_carpet_corner_slab conquest:orange_carpet_eighth_slab conquest:orange_carpet_vertical_corner_slab conquest:orange_carpet_vertical_slab conquest:orange_carpet_vertical_corner conquest:orange_carpet_vertical_quarter conquest:orange_silk_slab conquest:sack_of_pipe_weed conquest:orange_silk_quarter_slab conquest:orange_silk_corner_slab conquest:orange_silk_eighth_slab conquest:orange_silk_vertical_corner_slab conquest:orange_silk_vertical_slab conquest:orange_silk_vertical_corner conquest:orange_silk_vertical_quarter conquest:orange_canvas_slab conquest:full_sack_of_hops conquest:orange_canvas_quarter_slab conquest:orange_canvas_corner_slab conquest:orange_canvas_eighth_slab conquest:orange_canvas_vertical_corner_slab conquest:orange_canvas_vertical_slab conquest:orange_canvas_vertical_corner conquest:orange_canvas_vertical_quarter conquest:full_sack_of_potatoes conquest:brown_carpet_slab conquest:full_sack_of_cocoa conquest:brown_carpet_quarter_slab conquest:brown_carpet_corner_slab conquest:brown_carpet_eighth_slab conquest:brown_carpet_vertical_corner_slab conquest:brown_carpet_vertical_slab conquest:brown_carpet_vertical_corner conquest:brown_carpet_vertical_quarter conquest:brown_patterned_silk_slab conquest:full_sack_of_bread conquest:brown_patterned_silk_quarter_slab conquest:brown_patterned_silk_corner_slab conquest:brown_patterned_silk_eighth_slab conquest:brown_patterned_silk_vertical_corner_slab conquest:brown_patterned_silk_vertical_slab conquest:brown_patterned_silk_vertical_corner conquest:brown_patterned_silk_vertical_quarter conquest:brown_canvas_slab conquest:full_sack_of_flour conquest:brown_canvas_quarter_slab conquest:brown_canvas_corner_slab conquest:brown_canvas_eighth_slab conquest:brown_canvas_vertical_corner_slab conquest:brown_canvas_vertical_slab conquest:brown_canvas_vertical_corner conquest:brown_canvas_vertical_quarter conquest:small_old_leather_stool conquest:red_carpet_slab conquest:small_blue_cushion_stool conquest:red_carpet_quarter_slab conquest:red_carpet_corner_slab conquest:red_carpet_eighth_slab conquest:red_carpet_vertical_corner_slab conquest:red_carpet_vertical_slab conquest:red_carpet_vertical_corner conquest:red_carpet_vertical_quarter conquest:red_patterned_silk_slab conquest:small_green_cushion_stool conquest:red_patterned_silk_quarter_slab conquest:red_patterned_silk_corner_slab conquest:red_patterned_silk_eighth_slab conquest:red_patterned_silk_vertical_corner_slab conquest:red_patterned_silk_vertical_slab conquest:red_patterned_silk_vertical_corner conquest:red_patterned_silk_vertical_quarter conquest:black_canvas_slab conquest:small_red_cushion_stool conquest:black_canvas_quarter_slab conquest:black_canvas_corner_slab conquest:black_canvas_eighth_slab conquest:black_canvas_vertical_corner_slab conquest:black_canvas_vertical_slab conquest:black_canvas_vertical_corner conquest:black_canvas_vertical_quarter conquest:light_blue_canvas_slab conquest:small_fancy_leather_stool conquest:light_blue_canvas_quarter_slab conquest:light_blue_canvas_corner_slab conquest:light_blue_canvas_eighth_slab conquest:light_blue_canvas_vertical_corner_slab conquest:light_blue_canvas_vertical_slab conquest:light_blue_canvas_vertical_corner conquest:light_blue_canvas_vertical_quarter conquest:light_blue_carpet_slab conquest:light_blue_carpet_quarter_slab conquest:light_blue_carpet_corner_slab conquest:light_blue_carpet_eighth_slab conquest:light_blue_carpet_vertical_corner_slab conquest:light_blue_carpet_vertical_slab conquest:light_blue_carpet_vertical_corner conquest:light_blue_carpet_vertical_quarter conquest:cyan_canvas_slab conquest:cyan_canvas_quarter_slab conquest:cyan_canvas_corner_slab conquest:cyan_canvas_eighth_slab conquest:cyan_canvas_vertical_corner_slab conquest:cyan_canvas_vertical_slab conquest:cyan_canvas_vertical_corner conquest:cyan_canvas_vertical_quarter conquest:cyan_patterned_silk_slab conquest:warp_weighted_loom conquest:cyan_patterned_silk_quarter_slab conquest:simple_warp_weighted_loom conquest:cyan_patterned_silk_corner_slab conquest:standing_two_beam_loom conquest:cyan_patterned_silk_eighth_slab conquest:two_beam_loom conquest:cyan_patterned_silk_vertical_corner_slab conquest:cyan_patterned_silk_vertical_slab conquest:cyan_patterned_silk_vertical_corner conquest:cyan_patterned_silk_vertical_quarter conquest:cyan_carpet_slab conquest:black_wool_vertical_quarter conquest:cyan_carpet_quarter_slab conquest:white_wool_vertical_quarter conquest:cyan_carpet_corner_slab conquest:orange_wool_vertical_quarter conquest:cyan_carpet_eighth_slab conquest:magenta_wool_vertical_quarter conquest:cyan_carpet_vertical_corner_slab conquest:light_blue_wool_vertical_quarter conquest:cyan_carpet_vertical_slab conquest:yellow_wool_vertical_quarter conquest:cyan_carpet_vertical_corner conquest:lime_wool_vertical_quarter conquest:cyan_carpet_vertical_quarter conquest:pink_wool_vertical_quarter conquest:gray_wool_vertical_quarter conquest:light_gray_wool_vertical_quarter conquest:cyan_wool_vertical_quarter conquest:purple_wool_vertical_quarter conquest:blue_wool_vertical_quarter conquest:brown_wool_vertical_quarter conquest:green_wool_vertical_quarter conquest:red_wool_vertical_quarter conquest:black_wool_vertical_corner conquest:white_wool_vertical_corner conquest:orange_wool_vertical_corner conquest:magenta_wool_vertical_corner conquest:light_blue_wool_vertical_corner conquest:yellow_wool_vertical_corner conquest:lime_wool_vertical_corner conquest:pink_wool_vertical_corner conquest:gray_wool_vertical_corner conquest:light_gray_wool_vertical_corner conquest:cyan_wool_vertical_corner conquest:purple_wool_vertical_corner conquest:blue_wool_vertical_corner conquest:brown_wool_vertical_corner conquest:green_wool_vertical_corner conquest:red_wool_vertical_corner conquest:yellow_canvas_slab conquest:black_wool_vertical_slab conquest:yellow_canvas_quarter_slab conquest:white_wool_vertical_slab conquest:yellow_canvas_corner_slab conquest:orange_wool_vertical_slab conquest:yellow_canvas_eighth_slab conquest:magenta_wool_vertical_slab conquest:yellow_canvas_vertical_corner_slab conquest:light_blue_wool_vertical_slab conquest:yellow_canvas_vertical_slab conquest:yellow_wool_vertical_slab conquest:yellow_canvas_vertical_corner conquest:lime_wool_vertical_slab conquest:yellow_canvas_vertical_quarter conquest:pink_wool_vertical_slab conquest:gray_wool_vertical_slab conquest:light_gray_wool_vertical_slab conquest:cyan_wool_vertical_slab conquest:purple_wool_vertical_slab conquest:blue_wool_vertical_slab conquest:brown_wool_vertical_slab conquest:green_wool_vertical_slab conquest:red_wool_vertical_slab conquest:yellow_silk_slab conquest:black_wool_vertical_corner_slab conquest:yellow_silk_quarter_slab conquest:white_wool_vertical_corner_slab conquest:yellow_silk_corner_slab conquest:orange_wool_vertical_corner_slab conquest:yellow_silk_eighth_slab conquest:magenta_wool_vertical_corner_slab conquest:yellow_silk_vertical_corner_slab conquest:light_blue_wool_vertical_corner_slab conquest:yellow_silk_vertical_slab conquest:yellow_wool_vertical_corner_slab conquest:yellow_silk_vertical_corner conquest:lime_wool_vertical_corner_slab conquest:yellow_silk_vertical_quarter conquest:pink_wool_vertical_corner_slab conquest:gray_wool_vertical_corner_slab conquest:light_gray_wool_vertical_corner_slab conquest:cyan_wool_vertical_corner_slab conquest:purple_wool_vertical_corner_slab conquest:blue_wool_vertical_corner_slab conquest:brown_wool_vertical_corner_slab conquest:green_wool_vertical_corner_slab conquest:red_wool_vertical_corner_slab conquest:yellow_carpet_slab conquest:black_wool_eighth_slab conquest:yellow_carpet_quarter_slab conquest:white_wool_eighth_slab conquest:yellow_carpet_corner_slab conquest:orange_wool_eighth_slab conquest:yellow_carpet_eighth_slab conquest:magenta_wool_eighth_slab conquest:yellow_carpet_vertical_corner_slab conquest:light_blue_wool_eighth_slab conquest:yellow_carpet_vertical_slab conquest:yellow_wool_eighth_slab conquest:yellow_carpet_vertical_corner conquest:lime_wool_eighth_slab conquest:yellow_carpet_vertical_quarter conquest:pink_wool_eighth_slab conquest:gray_wool_eighth_slab conquest:light_gray_wool_eighth_slab conquest:cyan_wool_eighth_slab conquest:purple_wool_eighth_slab conquest:blue_wool_eighth_slab conquest:brown_wool_eighth_slab conquest:green_wool_eighth_slab conquest:red_wool_eighth_slab conquest:black_wool_corner_slab conquest:white_wool_corner_slab conquest:orange_wool_corner_slab conquest:magenta_wool_corner_slab conquest:light_blue_wool_corner_slab conquest:yellow_wool_corner_slab conquest:lime_wool_corner_slab conquest:pink_wool_corner_slab conquest:gray_wool_corner_slab conquest:light_gray_wool_corner_slab conquest:cyan_wool_corner_slab conquest:purple_wool_corner_slab conquest:blue_wool_corner_slab conquest:brown_wool_corner_slab conquest:green_wool_corner_slab conquest:red_wool_corner_slab conquest:green_canvas_slab conquest:black_wool_quarter_slab conquest:green_canvas_quarter_slab conquest:white_wool_quarter_slab conquest:green_canvas_corner_slab conquest:orange_wool_quarter_slab conquest:green_canvas_eighth_slab conquest:magenta_wool_quarter_slab conquest:green_canvas_vertical_corner_slab conquest:light_blue_wool_quarter_slab conquest:green_canvas_vertical_slab conquest:yellow_wool_quarter_slab conquest:green_canvas_vertical_corner conquest:lime_wool_quarter_slab conquest:green_canvas_vertical_quarter conquest:pink_wool_quarter_slab conquest:gray_wool_quarter_slab conquest:light_gray_wool_quarter_slab conquest:cyan_wool_quarter_slab conquest:purple_wool_quarter_slab conquest:blue_wool_quarter_slab conquest:brown_wool_quarter_slab conquest:green_wool_quarter_slab conquest:red_wool_quarter_slab conquest:green_patterned_silk_slab conquest:black_wool_slab conquest:green_patterned_silk_quarter_slab conquest:white_wool_slab conquest:green_patterned_silk_corner_slab conquest:orange_wool_slab conquest:green_patterned_silk_eighth_slab conquest:magenta_wool_slab conquest:green_patterned_silk_vertical_corner_slab conquest:light_blue_wool_slab conquest:green_patterned_silk_vertical_slab conquest:yellow_wool_slab conquest:green_patterned_silk_vertical_corner conquest:lime_wool_slab conquest:green_patterned_silk_vertical_quarter conquest:pink_wool_slab conquest:gray_wool_slab conquest:light_gray_wool_slab conquest:cyan_wool_slab conquest:purple_wool_slab conquest:blue_wool_slab conquest:brown_wool_slab conquest:green_wool_slab conquest:red_wool_slab conquest:green_carpet_slab conquest:green_carpet_quarter_slab conquest:green_carpet_corner_slab conquest:green_carpet_eighth_slab conquest:green_carpet_vertical_corner_slab conquest:green_carpet_vertical_slab conquest:green_carpet_vertical_corner conquest:green_carpet_vertical_quarter green_resurgence:diams_lampshade_wool_black green_resurgence:diams_lampshade_wool_blue green_resurgence:diams_lampshade_wool_brown green_resurgence:diams_lampshade_wool_cyan green_resurgence:diams_lampshade_wool_gray green_resurgence:diams_lampshade_wool_green green_resurgence:diams_lampshade_wool_light_blue green_resurgence:diams_lampshade_wool_light_gray green_resurgence:diams_lampshade_wool_yellow green_resurgence:diams_lampshade_wool_lime green_resurgence:diams_lampshade_wool_magenta green_resurgence:diams_lampshade_wool_orange green_resurgence:diams_lampshade_wool_pink green_resurgence:diams_lampshade_wool_purple green_resurgence:diams_lampshade_wool_red green_resurgence:diams_lampshade_wool_white conquest:lime_canvas_slab green_resurgence:diams_umbrella_market_black conquest:lime_canvas_quarter_slab green_resurgence:diams_umbrella_market_white conquest:lime_canvas_corner_slab green_resurgence:diams_umbrella_market_orange conquest:lime_canvas_eighth_slab green_resurgence:diams_umbrella_market_magenta conquest:lime_canvas_vertical_corner_slab green_resurgence:diams_umbrella_market_light_blue conquest:lime_canvas_vertical_slab green_resurgence:diams_umbrella_market_yellow conquest:lime_canvas_vertical_corner green_resurgence:diams_umbrella_market_lime conquest:lime_canvas_vertical_quarter green_resurgence:diams_umbrella_market_pink green_resurgence:diams_umbrella_market_gray green_resurgence:diams_umbrella_market_light_gray green_resurgence:diams_umbrella_market_cyan green_resurgence:diams_umbrella_market_purple green_resurgence:diams_umbrella_market_blue green_resurgence:diams_umbrella_market_brown green_resurgence:diams_umbrella_market_green green_resurgence:diams_umbrella_market_red green_resurgence:diams_cloth_pile_slab_black green_resurgence:diams_cloth_pile_slab_blue green_resurgence:diams_cloth_pile_slab_brown green_resurgence:diams_cloth_pile_slab_cyan green_resurgence:diams_cloth_pile_slab_gray green_resurgence:diams_cloth_pile_slab_green green_resurgence:diams_cloth_pile_slab_light_blue green_resurgence:diams_cloth_pile_slab_light_gray green_resurgence:diams_cloth_pile_slab_lime green_resurgence:diams_cloth_pile_slab_magenta green_resurgence:diams_cloth_pile_slab_orange green_resurgence:diams_cloth_pile_slab_pink green_resurgence:diams_cloth_pile_slab_purple green_resurgence:diams_cloth_pile_slab_red green_resurgence:diams_cloth_pile_slab_white green_resurgence:diams_cloth_pile_slab_yellow conquest:brown_oriental_carpet_slab green_resurgence:diams_cloth_pile_full_black conquest:brown_oriental_carpet_quarter_slab green_resurgence:diams_cloth_pile_full_blue conquest:brown_oriental_carpet_corner_slab green_resurgence:diams_cloth_pile_full_brown conquest:brown_oriental_carpet_eighth_slab green_resurgence:diams_cloth_pile_full_cyan conquest:brown_oriental_carpet_vertical_corner_slab green_resurgence:diams_cloth_pile_full_gray conquest:brown_oriental_carpet_vertical_slab green_resurgence:diams_cloth_pile_full_green conquest:brown_oriental_carpet_vertical_corner green_resurgence:diams_cloth_pile_full_light_blue conquest:brown_oriental_carpet_vertical_quarter green_resurgence:diams_cloth_pile_full_light_gray green_resurgence:diams_cloth_pile_full_lime green_resurgence:diams_cloth_pile_full_magenta green_resurgence:diams_cloth_pile_full_orange green_resurgence:diams_cloth_pile_full_pink green_resurgence:diams_cloth_pile_full_purple green_resurgence:diams_cloth_pile_full_red green_resurgence:diams_cloth_pile_full_white green_resurgence:diams_cloth_pile_full_yellow conquest:gold_patterned_silk_slab green_resurgence:diams_hanging_cloth_short_brown conquest:gold_patterned_silk_quarter_slab conquest:gold_patterned_silk_corner_slab conquest:gold_patterned_silk_eighth_slab conquest:gold_patterned_silk_vertical_corner_slab conquest:gold_patterned_silk_vertical_slab conquest:gold_patterned_silk_vertical_corner conquest:gold_patterned_silk_vertical_quarter conquest:gold_silk_slab green_resurgence:diams_hanging_cloth_short_green conquest:gold_silk_quarter_slab conquest:gold_silk_corner_slab conquest:gold_silk_eighth_slab conquest:gold_silk_vertical_corner_slab conquest:gold_silk_vertical_slab conquest:gold_silk_vertical_corner conquest:gold_silk_vertical_quarter conquest:pink_silk_slab green_resurgence:diams_hanging_cloth_short_blue conquest:pink_silk_quarter_slab conquest:pink_silk_corner_slab conquest:pink_silk_eighth_slab conquest:pink_silk_vertical_corner_slab conquest:pink_silk_vertical_slab conquest:pink_silk_vertical_corner conquest:pink_silk_vertical_quarter conquest:pink_carpet_slab green_resurgence:diams_hanging_cloth_shirt_red conquest:pink_carpet_quarter_slab conquest:pink_carpet_corner_slab conquest:pink_carpet_eighth_slab conquest:pink_carpet_vertical_corner_slab conquest:pink_carpet_vertical_slab conquest:pink_carpet_vertical_corner conquest:pink_carpet_vertical_quarter green_resurgence:diams_hanging_cloth_shirt_purple conquest:pink_canvas_slab green_resurgence:diams_hanging_cloth_shirt_gray conquest:pink_canvas_quarter_slab conquest:pink_canvas_corner_slab conquest:pink_canvas_eighth_slab conquest:pink_canvas_vertical_corner_slab conquest:pink_canvas_vertical_slab conquest:pink_canvas_vertical_corner conquest:pink_canvas_vertical_quarter green_resurgence:diams_hanging_cloth_dress_green conquest:magenta_carpet_slab green_resurgence:diams_hanging_cloth_dress_brown conquest:magenta_carpet_quarter_slab conquest:magenta_carpet_corner_slab conquest:magenta_carpet_eighth_slab conquest:magenta_carpet_vertical_corner_slab conquest:magenta_carpet_vertical_slab conquest:magenta_carpet_vertical_corner conquest:magenta_carpet_vertical_quarter conquest:magenta_canvas_slab green_resurgence:diams_hanging_cloth_dress_blue conquest:magenta_canvas_quarter_slab conquest:magenta_canvas_corner_slab conquest:magenta_canvas_eighth_slab conquest:magenta_canvas_vertical_corner_slab conquest:magenta_canvas_vertical_slab conquest:magenta_canvas_vertical_corner conquest:magenta_canvas_vertical_quarter green_resurgence:diams_chair_sofa_black_solo green_resurgence:diams_chair_sofa_white_solo green_resurgence:diams_chair_sofa_orange_solo green_resurgence:diams_chair_sofa_magenta_solo green_resurgence:diams_chair_sofa_light_blue_solo green_resurgence:diams_chair_sofa_yellow_solo green_resurgence:diams_chair_sofa_lime_solo green_resurgence:diams_chair_sofa_pink_solo green_resurgence:diams_chair_sofa_gray_solo green_resurgence:diams_chair_sofa_light_gray_solo green_resurgence:diams_chair_sofa_cyan_solo green_resurgence:diams_chair_sofa_purple_solo green_resurgence:diams_chair_sofa_blue_solo green_resurgence:diams_chair_sofa_brown_solo green_resurgence:diams_chair_sofa_green_solo green_resurgence:diams_chair_sofa_red_solo conquest:purple_carpet_slab green_resurgence:diams_chair_sofa_black_right conquest:purple_carpet_quarter_slab green_resurgence:diams_chair_sofa_white_right conquest:purple_carpet_corner_slab green_resurgence:diams_chair_sofa_orange_right conquest:purple_carpet_eighth_slab green_resurgence:diams_chair_sofa_magenta_right conquest:purple_carpet_vertical_corner_slab green_resurgence:diams_chair_sofa_light_blue_right conquest:purple_carpet_vertical_slab green_resurgence:diams_chair_sofa_yellow_right conquest:purple_carpet_vertical_corner green_resurgence:diams_chair_sofa_lime_right conquest:purple_carpet_vertical_quarter green_resurgence:diams_chair_sofa_pink_right green_resurgence:diams_chair_sofa_gray_right green_resurgence:diams_chair_sofa_light_gray_right green_resurgence:diams_chair_sofa_cyan_right green_resurgence:diams_chair_sofa_purple_right green_resurgence:diams_chair_sofa_blue_right green_resurgence:diams_chair_sofa_brown_right green_resurgence:diams_chair_sofa_green_right green_resurgence:diams_chair_sofa_red_right conquest:purple_silk_slab green_resurgence:diams_chair_sofa_black_middle conquest:purple_silk_quarter_slab green_resurgence:diams_chair_sofa_white_middle conquest:purple_silk_corner_slab green_resurgence:diams_chair_sofa_orange_middle conquest:purple_silk_eighth_slab green_resurgence:diams_chair_sofa_magenta_middle conquest:purple_silk_vertical_corner_slab green_resurgence:diams_chair_sofa_light_blue_middle conquest:purple_silk_vertical_slab green_resurgence:diams_chair_sofa_yellow_middle conquest:purple_silk_vertical_corner green_resurgence:diams_chair_sofa_lime_middle conquest:purple_silk_vertical_quarter green_resurgence:diams_chair_sofa_pink_middle green_resurgence:diams_chair_sofa_gray_middle green_resurgence:diams_chair_sofa_light_gray_middle green_resurgence:diams_chair_sofa_cyan_middle green_resurgence:diams_chair_sofa_purple_middle green_resurgence:diams_chair_sofa_blue_middle green_resurgence:diams_chair_sofa_brown_middle green_resurgence:diams_chair_sofa_green_middle green_resurgence:diams_chair_sofa_red_middle conquest:purple_canvas_slab green_resurgence:diams_chair_sofa_black_left conquest:purple_canvas_quarter_slab green_resurgence:diams_chair_sofa_white_left conquest:purple_canvas_corner_slab green_resurgence:diams_chair_sofa_orange_left conquest:purple_canvas_eighth_slab green_resurgence:diams_chair_sofa_magenta_left conquest:purple_canvas_vertical_corner_slab green_resurgence:diams_chair_sofa_light_blue_left conquest:purple_canvas_vertical_slab green_resurgence:diams_chair_sofa_yellow_left conquest:purple_canvas_vertical_corner green_resurgence:diams_chair_sofa_lime_left conquest:purple_canvas_vertical_quarter green_resurgence:diams_chair_sofa_pink_left green_resurgence:diams_chair_sofa_gray_left green_resurgence:diams_chair_sofa_light_gray_left green_resurgence:diams_chair_sofa_cyan_left green_resurgence:diams_chair_sofa_purple_left green_resurgence:diams_chair_sofa_blue_left green_resurgence:diams_chair_sofa_brown_left green_resurgence:diams_chair_sofa_green_left green_resurgence:diams_chair_sofa_red_left conquest:fancy_wardrobe conquest:lime_carpet_slab conquest:poor_wardrobe conquest:lime_carpet_quarter_slab conquest:lime_carpet_corner_slab conquest:lime_carpet_eighth_slab conquest:lime_carpet_vertical_corner_slab conquest:lime_carpet_vertical_slab conquest:lime_carpet_vertical_corner conquest:lime_carpet_vertical_quarter conquest:burlap_slab conquest:blue_kline conquest:burlap_quarter_slab conquest:burlap_corner_slab conquest:burlap_eighth_slab conquest:burlap_vertical_corner_slab conquest:burlap_vertical_slab conquest:burlap_vertical_corner conquest:burlap_vertical_quarter conquest:red_oriental_carpet_slab conquest:white_kline conquest:red_oriental_carpet_quarter_slab conquest:red_oriental_carpet_corner_slab conquest:red_oriental_carpet_eighth_slab conquest:red_oriental_carpet_vertical_corner_slab conquest:red_oriental_carpet_vertical_slab conquest:red_oriental_carpet_vertical_corner conquest:red_oriental_carpet_vertical_quarter conquest:red_pazyryk_rug_slab conquest:yellow_kline conquest:red_pazyryk_rug_quarter_slab conquest:red_pazyryk_rug_corner_slab conquest:red_pazyryk_rug_eighth_slab conquest:red_pazyryk_rug_vertical_corner_slab conquest:red_pazyryk_rug_vertical_slab conquest:red_pazyryk_rug_vertical_corner conquest:red_pazyryk_rug_vertical_quarter conquest:red_and_blue_sarouk_rug_slab conquest:red_kline conquest:red_and_blue_sarouk_rug_quarter_slab conquest:red_and_blue_sarouk_rug_corner_slab conquest:red_and_blue_sarouk_rug_eighth_slab conquest:red_and_blue_sarouk_rug_vertical_corner_slab conquest:red_and_blue_sarouk_rug_vertical_slab conquest:red_and_blue_sarouk_rug_vertical_corner conquest:red_and_blue_sarouk_rug_vertical_quarter conquest:kashmiri_carpet_slab conquest:old_leather_stool conquest:kashmiri_carpet_quarter_slab conquest:kashmiri_carpet_corner_slab conquest:kashmiri_carpet_eighth_slab conquest:kashmiri_carpet_vertical_corner_slab conquest:kashmiri_carpet_vertical_slab conquest:kashmiri_carpet_vertical_corner conquest:kashmiri_carpet_vertical_quarter conquest:yellow_red_persian_rug_slab conquest:green_cushion_stool conquest:yellow_red_persian_rug_quarter_slab conquest:yellow_red_persian_rug_corner_slab conquest:yellow_red_persian_rug_eighth_slab conquest:yellow_red_persian_rug_vertical_corner_slab conquest:yellow_red_persian_rug_vertical_slab conquest:yellow_red_persian_rug_vertical_corner conquest:yellow_red_persian_rug_vertical_quarter conquest:shirishabad_rug_slab conquest:blue_cushion_stool conquest:shirishabad_rug_quarter_slab conquest:shirishabad_rug_corner_slab conquest:shirishabad_rug_eighth_slab conquest:shirishabad_rug_vertical_corner_slab conquest:shirishabad_rug_vertical_slab conquest:shirishabad_rug_vertical_corner conquest:shirishabad_rug_vertical_quarter conquest:nahavand_rug_slab conquest:red_cushion_stool conquest:nahavand_rug_quarter_slab conquest:nahavand_rug_corner_slab conquest:nahavand_rug_eighth_slab conquest:nahavand_rug_vertical_corner_slab conquest:nahavand_rug_vertical_slab conquest:nahavand_rug_vertical_corner conquest:nahavand_rug_vertical_quarter conquest:celtic_knot_rug_slab conquest:black_persian_pillow conquest:celtic_knot_rug_quarter_slab conquest:celtic_knot_rug_corner_slab conquest:celtic_knot_rug_eighth_slab conquest:celtic_knot_rug_vertical_corner_slab conquest:celtic_knot_rug_vertical_slab conquest:celtic_knot_rug_vertical_corner conquest:celtic_knot_rug_vertical_quarter conquest:berber_rug_slab conquest:william_morris_pillow conquest:berber_rug_quarter_slab conquest:berber_rug_corner_slab conquest:berber_rug_eighth_slab conquest:berber_rug_vertical_corner_slab conquest:berber_rug_vertical_slab conquest:berber_rug_vertical_corner conquest:berber_rug_vertical_quarter conquest:kilim_rug_slab conquest:celtic_pillow conquest:kilim_rug_quarter_slab conquest:kilim_rug_corner_slab conquest:kilim_rug_eighth_slab conquest:kilim_rug_vertical_corner_slab conquest:kilim_rug_vertical_slab conquest:kilim_rug_vertical_corner conquest:kilim_rug_vertical_quarter conquest:william_morris_rug_slab conquest:cyan_cushion conquest:william_morris_rug_quarter_slab conquest:william_morris_rug_corner_slab conquest:william_morris_rug_eighth_slab conquest:william_morris_rug_vertical_corner_slab conquest:william_morris_rug_vertical_slab conquest:william_morris_rug_vertical_corner conquest:william_morris_rug_vertical_quarter conquest:kazakh_rug_slab conquest:blue_cushion conquest:kazakh_rug_quarter_slab conquest:kazakh_rug_corner_slab conquest:kazakh_rug_eighth_slab conquest:kazakh_rug_vertical_corner_slab conquest:kazakh_rug_vertical_slab conquest:kazakh_rug_vertical_corner conquest:kazakh_rug_vertical_quarter conquest:baotuo_rug_slab conquest:red_cushion conquest:baotuo_rug_quarter_slab conquest:baotuo_rug_corner_slab conquest:baotuo_rug_eighth_slab conquest:baotuo_rug_vertical_corner_slab conquest:baotuo_rug_vertical_slab conquest:baotuo_rug_vertical_corner conquest:baotuo_rug_vertical_quarter conquest:blue_nain_rug_slab conquest:berber_pillow conquest:blue_nain_rug_quarter_slab conquest:blue_nain_rug_corner_slab conquest:blue_nain_rug_eighth_slab conquest:blue_nain_rug_vertical_corner_slab conquest:blue_nain_rug_vertical_slab conquest:blue_nain_rug_vertical_corner conquest:blue_nain_rug_vertical_quarter conquest:black_persian_rug_slab conquest:linen_cushion conquest:black_persian_rug_quarter_slab conquest:black_persian_rug_corner_slab conquest:black_persian_rug_eighth_slab conquest:black_persian_rug_vertical_corner_slab conquest:black_persian_rug_vertical_slab conquest:black_persian_rug_vertical_corner conquest:black_persian_rug_vertical_quarter
tissue 2,hammer,conquest:barnacle_covered_palm_wood_planks,,conquest:black_carpet conquest:black_carpet_stairs conquest:gray_canvas conquest:gray_canvas_stairs conquest:gray_silk conquest:gray_silk_stairs conquest:gray_carpet conquest:gray_carpet_stairs conquest:light_gray_canvas conquest:light_gray_canvas_stairs conquest:light_gray_silk conquest:light_gray_silk_stairs conquest:light_gray_carpet conquest:light_gray_carpet_stairs conquest:white_canvas conquest:white_canvas_stairs conquest:white_silk conquest:white_silk_stairs conquest:white_carpet conquest:white_carpet_stairs conquest:red_canvas conquest:red_canvas_stairs conquest:red_silk conquest:red_silk_stairs conquest:black_starry_patterned_silk conquest:black_starry_patterned_silk_stairs conquest:black_floral_patterned_silk conquest:black_floral_patterned_silk_stairs conquest:blue_carpet conquest:blue_carpet_stairs conquest:blue_starry_patterned_silk conquest:blue_starry_patterned_silk_stairs conquest:blue_floral_patterned_silk conquest:blue_floral_patterned_silk_stairs conquest:blue_canvas conquest:blue_canvas_stairs conquest:orange_carpet conquest:orange_carpet_stairs conquest:orange_silk conquest:orange_silk_stairs conquest:orange_canvas conquest:orange_canvas_stairs conquest:brown_carpet conquest:brown_carpet_stairs conquest:brown_patterned_silk conquest:brown_patterned_silk_stairs conquest:brown_canvas conquest:brown_canvas_stairs conquest:red_carpet conquest:red_carpet_stairs conquest:red_patterned_silk conquest:red_patterned_silk_stairs conquest:black_canvas conquest:black_canvas_stairs conquest:light_blue_canvas conquest:light_blue_canvas_stairs conquest:light_blue_carpet conquest:light_blue_carpet_stairs conquest:cyan_canvas conquest:cyan_canvas_stairs conquest:cyan_patterned_silk conquest:cyan_patterned_silk_stairs conquest:cyan_carpet conquest:cyan_carpet_stairs conquest:yellow_canvas conquest:yellow_canvas_stairs conquest:yellow_silk conquest:yellow_silk_stairs conquest:yellow_carpet conquest:yellow_carpet_stairs conquest:green_canvas conquest:green_canvas_stairs conquest:green_patterned_silk conquest:green_patterned_silk_stairs conquest:green_carpet conquest:green_carpet_stairs conquest:lime_canvas conquest:lime_canvas_stairs conquest:brown_oriental_carpet conquest:brown_oriental_carpet_stairs conquest:gold_patterned_silk conquest:gold_patterned_silk_stairs conquest:gold_silk conquest:gold_silk_stairs conquest:pink_silk conquest:pink_silk_stairs conquest:pink_carpet conquest:pink_carpet_stairs conquest:pink_canvas conquest:pink_canvas_stairs minecraft:pink_wool conquest:pink_wool_stairs conquest:magenta_carpet conquest:magenta_carpet_stairs conquest:magenta_canvas conquest:magenta_canvas_stairs conquest:purple_carpet conquest:purple_carpet_stairs conquest:purple_silk conquest:purple_silk_stairs conquest:purple_canvas conquest:purple_canvas_stairs conquest:lime_carpet conquest:lime_carpet_stairs conquest:burlap conquest:burlap_stairs conquest:red_oriental_carpet conquest:red_oriental_carpet_stairs conquest:red_pazyryk_rug conquest:red_pazyryk_rug_stairs conquest:red_and_blue_sarouk_rug conquest:red_and_blue_sarouk_rug_stairs conquest:kashmiri_carpet conquest:kashmiri_carpet_stairs conquest:yellow_red_persian_rug conquest:yellow_red_persian_rug_stairs conquest:shirishabad_rug conquest:shirishabad_rug_stairs conquest:nahavand_rug conquest:nahavand_rug_stairs conquest:celtic_knot_rug conquest:celtic_knot_rug_stairs conquest:berber_rug conquest:berber_rug_stairs conquest:kilim_rug conquest:kilim_rug_stairs conquest:william_morris_rug conquest:william_morris_rug_stairs conquest:kazakh_rug conquest:kazakh_rug_stairs conquest:baotuo_rug conquest:baotuo_rug_stairs conquest:blue_nain_rug conquest:blue_nain_rug_stairs conquest:black_persian_rug conquest:black_persian_rug_stairs conquest:black_wool_stairs conquest:white_wool_stairs conquest:orange_wool_stairs conquest:magenta_wool_stairs conquest:light_blue_wool_stairs conquest:yellow_wool_stairs conquest:lime_wool_stairs conquest:gray_wool_stairs conquest:light_gray_wool_stairs conquest:cyan_wool_stairs conquest:purple_wool_stairs conquest:blue_wool_stairs conquest:brown_wool_stairs conquest:green_wool_stairs conquest:red_wool_stairs minecraft:black_wool minecraft:white_wool minecraft:orange_wool minecraft:magenta_wool minecraft:light_blue_wool minecraft:yellow_wool minecraft:lime_wool minecraft:gray_wool minecraft:light_gray_wool minecraft:cyan_wool minecraft:purple_wool minecraft:blue_wool minecraft:brown_wool minecraft:green_wool minecraft:red_wool green_resurgence:last_days_yellow_wool_stair green_resurgence:last_days_yellow_wool green_resurgence:last_days_white_wool_stair green_resurgence:last_days_white_wool green_resurgence:last_days_red_wool_stair green_resurgence:last_days_red_wool green_resurgence:last_days_purple_wool_stair green_resurgence:last_days_purple_wool green_resurgence:last_days_pink_wool_stair green_resurgence:last_days_pink_wool green_resurgence:last_days_orange_wool_stair green_resurgence:last_days_orange_wool green_resurgence:last_days_magenta_wool_stair green_resurgence:last_days_magenta_wool green_resurgence:last_days_lime_wool_stair green_resurgence:last_days_lime_wool green_resurgence:last_days_light_gray_wool_stair green_resurgence:last_days_light_gray_wool green_resurgence:last_days_light_blue_wool_stair green_resurgence:last_days_light_blue_wool green_resurgence:last_days_green_wool_stair green_resurgence:last_days_green_wool green_resurgence:last_days_gray_wool_stair green_resurgence:last_days_gray_wool green_resurgence:last_days_cyan_wool_stair green_resurgence:last_days_cyan_wool green_resurgence:last_days_brown_wool_stair green_resurgence:last_days_brown_wool green_resurgence:last_days_blue_wool_stair green_resurgence:last_days_blue_wool green_resurgence:last_days_black_wool_stair green_resurgence:last_days_black_wool
fibre 2,hammer,,,conquest:burlap_sack green_resurgence:diams_stool_ottoman_resort conquest:rope_pulley green_resurgence:diams_chair_dining_waterhyacinth conquest:hanging_barrel
,,,,
,,,,
,,,,
,,,,
,,,,
papier 1,hand,,,green_resurgence:teien_yellow_wool_wall green_resurgence:teien_yellow_wool_carpet green_resurgence:teien_red_wool_wall green_resurgence:teien_red_wool_carpet green_resurgence:teien_lime_wool_wall green_resurgence:teien_lime_wool_carpet green_resurgence:teien_light_gray_wool_wall green_resurgence:teien_light_gray_wool_carpet green_resurgence:teien_gray_wool_wall green_resurgence:teien_gray_wool_carpet green_resurgence:teien_green_wool_wall green_resurgence:teien_green_wool_carpet green_resurgence:teien_cyan_wool_wall green_resurgence:teien_cyan_wool_carpet green_resurgence:teien_brown_wool_wall green_resurgence:teien_brown_wool_carpet green_resurgence:teien_blue_wool_wall green_resurgence:teien_blue_wool_carpet green_resurgence:diams_photo_frame_zen_wall green_resurgence:diams_photo_frame_zen_table green_resurgence:diams_photo_frame_tree_wall green_resurgence:diams_photo_frame_tree_table green_resurgence:diams_photo_frame_portrait_wall green_resurgence:diams_photo_frame_portrait_table conquest:vertical_shoji_vertical_corner conquest:vertical_shoji_vertical_quarter conquest:vertical_shoji conquest:vertical_shoji_pane conquest:vertical_shoji_vertical_slab conquest:vertical_damaged_shoji_vertical_corner conquest:vertical_damaged_shoji_vertical_quarter conquest:vertical_damaged_shoji conquest:vertical_damaged_shoji_pane conquest:vertical_damaged_shoji_vertical_slab minecraft:mangrove_trapdoor conquest:shoji_vertical_corner conquest:shoji_vertical_quarter conquest:shoji conquest:shoji_pane conquest:shoji_vertical_slab conquest:damaged_shoji_vertical_corner conquest:damaged_shoji_vertical_quarter conquest:damaged_shoji conquest:damaged_shoji_pane conquest:damaged_shoji_vertical_slab conquest:hanging_scroll green_resurgence:diams_polaroid green_resurgence:teien_paper_torn_carpet green_resurgence:diams_paper_post_it_c green_resurgence:diams_paper_post_it_b green_resurgence:diams_paper_post_it_a minecraft:red_wool minecraft:trapped_chest
papier 2,hand,,,conquest:standing_two_legged_table conquest:sealed_scroll conquest:open_scroll conquest:pile_of_paper_on_the_ground green_resurgence:teien_letter_antique_carpet green_resurgence:teien_newspaper_carpet
papier 3,hand,,,conquest:quill_and_parchment conquest:assorted_scrolls green_resurgence:diams_book_horizontal_e green_resurgence:diams_book_horizontal_c green_resurgence:diams_book_horizontal_d green_resurgence:diams_book_horizontal_b green_resurgence:diams_book_horizontal_a green_resurgence:book_vertical_b green_resurgence:book_vertical_a conquest:open_book_and_inkwell conquest:books_on_the_ground
os 1,hand,,,green_resurgence:teien_dropper green_resurgence:diams_distributor_food_a_up_left green_resurgence:diams_distributor_food_a_up_right green_resurgence:diams_distributor_food_a_middle_left green_resurgence:diams_distributor_food_a_middle_right conquest:glass_paned_cabinets
os 2,hand,,,conquest:hanging_corpse
verre 4,hand,,,conquest:wine_rack conquest:diamond_frame_wine_rack conquest:fancy_shelf green_resurgence:teien_lily_pad_carpet conquest:jam_jars conquest:short_crystal_wine_glass conquest:soda_bottle conquest:bottle conquest:bottle_of_frankincense conquest:brown_bottle conquest:broken_bottle conquest:small_bottle conquest:blue_bottle conquest:white_bottle conquest:water_jug
pierre 7,hand,,,conquest:smooth_basalt
tissue 1,hand,,,conquest:sack_of_rubies conquest:sack_of_gold conquest:large_clay_pot conquest:sacks green_resurgence:diams_luggage_antique_small_white green_resurgence:diams_luggage_antique_small_brown conquest:leather_boots conquest:tanning_rack conquest:bear_hide conquest:old_tanning_rack conquest:bear_skin_rug conquest:sheep_skin_rug conquest:wolf_pelt_rug conquest:hanging_bear_skin
fibre 1,hand,minecraft:spruce_planks,,conquest:dried_fodder conquest:old_wicker_basket minecraft:beehive conquest:closed_old_wicker_basket conquest:wicker_basket conquest:burlap conquest:rope_wrapped_around_log minecraft:hay_block conquest:full_wicker_basket_of_apples conquest:full_wicker_basket_of_cocoa conquest:hay_bale
fibre 2,hand,,,conquest:hay_on_the_ground green_resurgence:diams_luggage_basket_stand green_resurgence:diams_luggage_basket green_resurgence:diams_luggage_picnic conquest:burlap_stool conquest:small_wicker_stool conquest:small_burlap_stool conquest:wicker_stool conquest:skep_beehive conquest:bush_harrow conquest:hay_bundle conquest:empty_wicker_basket conquest:wicker_basket_of_firewood conquest:tall_woven_hand_basket conquest:small_woven_basket conquest:woven_basket conquest:square_hand_basket conquest:small_square_hand_basket conquest:small_square_woven_basket conquest:unfinished_woven_basket conquest:empty_small_old_wicker_basket conquest:tall_lidded_woven_basket conquest:short_lidded_woven_basket conquest:woven_hand_basket conquest:large_woven_basket conquest:tall_woven_basket conquest:vintage_woven_hand_basket green_resurgence:diams_stool_waterhyacinth conquest:linen_cushion conquest:scarecrow conquest:woven_chest conquest:birds_nest conquest:small_birds_nest
plastique 1,wrench,,,conquest:terracotta_bowl green_resurgence:diams_lamp_neon_vertical_empty green_resurgence:diams_lamp_neon_vertical_damaged green_resurgence:diams_lamp_neon_vertical_intact green_resurgence:diams_lamp_neon_vertical_broken green_resurgence:teien_lily_pad_carpet green_resurgence:diams_car/car_1/car_1_tire_protection_full green_resurgence:diams_tire_car_full green_resurgence:diams_tire_car_flat_triple green_resurgence:diams_tire_truck_full green_resurgence:diams_tire_truck_flat green_resurgence:diams_tire_car_up_triple green_resurgence:diams_tire_car_up_double green_resurgence:diams_tire_car_up green_resurgence:diams_tire_car_flat_double green_resurgence:diams_tire_car_flat green_resurgence:diams_circulation_plot green_resurgence:diams_lamp_marine_big_plastic green_resurgence:diams_lamp_marine_plastic green_resurgence:diams_lamp_desk_plastic green_resurgence:diams_clock_wall_white conquest:hanging_dandelions conquest:hanging_pasque_flowers minecraft:flower_pot conquest:pot_of_water green_resurgence:teien_yellow_stained_glass_pane green_resurgence:teien_yellow_stained_glass_carpet green_resurgence:teien_yellow_stained_glass
plastique 3,wrench,,,green_resurgence:teien_chest green_resurgence:teien_lectern green_resurgence:diams_generator_small green_resurgence:diams_dino_meat_mascot
verre 3,wrench,,,"green_resurgence:diams_computer_big_yellow green_resurgence:diams_computer_big_white green_resurgence:diams_computer_big_red green_resurgence:diams_computer_big_purple green_resurgence:diams_computer_big_black green_resurgence:diams_computer_big_blue green_resurgence:diams_computer_big_brown green_resurgence:diams_computer_big_cyan green_resurgence:diams_computer_big_gray green_resurgence:diams_computer_big_green green_resurgence:diams_computer_big_light_blue green_resurgence:diams_computer_big_light_gray green_resurgence:diams_computer_big_lime green_resurgence:diams_computer_big_magenta green_resurgence:diams_computer_big_pink green_resurgence:diams_computer_big_orange green_resurgence:last_days_lectern green_resurgence:teien_magenta_stained_glass green_resurgence:teien_orange_stained_glass green_resurgence:last_days_glass green_resurgence:teien_magenta_stained_glass_pane green_resurgence:teien_orange_stained_glass_pane green_resurgence:last_days_glass_pane green_resurgence:teien_magenta_stained_glass_carpet green_resurgence:teien_orange_stained_glass_carpet green_resurgence:last_days_glass_carpet
"
chimique 1,wrench,minecraft:cracked_nether_bricks,,green_resurgence:diams_barrel_red_down green_resurgence:diams_barrel_red_up green_resurgence:teien_redstone_block green_resurgence:teien_emerald_block
chimique 2,wrench,minecraft:cracked_nether_bricks,,green_resurgence:diams_generator_small green_resurgence:teien_barrel
chimique 3,wrench,minecraft:cracked_nether_bricks,,conquest:cosmetic_box green_resurgence:diams_barrel_toxic_down green_resurgence:diams_barrel_toxic_up
chimique 4,wrench,minecraft:cracked_nether_bricks,,green_resurgence:diams_barrel_rust_up green_resurgence:diams_barrel_rust_down
chimique 5,wrench,,,green_resurgence:diams_gaz_bottle_big green_resurgence:diams_gaz_bottle_pile green_resurgence:diams_gaz_bottle green_resurgence:diams_fire_extinguisher_wall green_resurgence:diams_fire_extinguisher
electronique 1,wrench,green_resurgence:last_days_redstone_ore,,green_resurgence:diams_tv_old_gray_broken green_resurgence:diams_tv_old_gray green_resurgence:diams_tv_old_black_broken green_resurgence:diams_tv_old_black green_resurgence:diams_fridge_up_square green_resurgence:diams_fridge_bottom green_resurgence:diams_fridge_up green_resurgence:diams_kitchen_cloth_cleaning_machine green_resurgence:diams_kitchen_dish_washer green_resurgence:last_days_smoker green_resurgence:last_days_furnace green_resurgence:teien_smoker
electronique 1,wrench,,,green_resurgence:diams_clock_wall_white green_resurgence:diams_scooter green_resurgence:diams_air_conditioner_left green_resurgence:diams_air_conditioner_right green_resurgence:diams_tv_realy_old_oak_broken green_resurgence:diams_tv_realy_old_spruce green_resurgence:diams_tv_realy_old_spruce_broken green_resurgence:diams_tv_realy_old_oak green_resurgence:diams_microwave_cyan green_resurgence:diams_microwave_orange green_resurgence:diams_microwave_magenta green_resurgence:diams_microwave_lime green_resurgence:diams_microwave_light_gray green_resurgence:diams_microwave_light_blue green_resurgence:diams_microwave_gray green_resurgence:diams_microwave_brown green_resurgence:diams_microwave_black green_resurgence:diams_microwave_yellow green_resurgence:diams_microwave_white green_resurgence:diams_microwave_red green_resurgence:diams_microwave_pink green_resurgence:diams_microwave_purple green_resurgence:diams_microwave_green green_resurgence:diams_register_black
electronique 2,wrench,green_resurgence:last_days_redstone_ore,,green_resurgence:diams_distributor_orange_down_left green_resurgence:diams_distributor_orange_middle_left green_resurgence:diams_distributor_orange_up_left green_resurgence:diams_distributor_orange_down_right green_resurgence:diams_distributor_orange_middle_right green_resurgence:diams_distributor_orange_up_right green_resurgence:diams_distributor_green_down_left green_resurgence:diams_distributor_green_middle_left green_resurgence:diams_distributor_green_up_left green_resurgence:diams_distributor_green_down_right green_resurgence:diams_distributor_green_middle_right green_resurgence:diams_distributor_green_up_right green_resurgence:diams_distributor_food_a_down_left green_resurgence:diams_distributor_food_a_middle_left green_resurgence:diams_distributor_food_a_up_left green_resurgence:diams_distributor_food_a_down_right green_resurgence:diams_distributor_food_a_middle_right green_resurgence:diams_distributor_food_a_up_right green_resurgence:diams_computer_big_black green_resurgence:diams_computer_1 green_resurgence:diams_computer_2 green_resurgence:diams_air_vent green_resurgence:teien_shulker_white
electronique 2,wrench,,,green_resurgence:diams_generator_small green_resurgence:diams_computer_portable
electronique 3,wrench,,,green_resurgence:diams_lamp/traffic_lamp_vertical green_resurgence:diams_lamp/traffic_lamp_horizontal green_resurgence:diams_electrical_power_box_broken green_resurgence:diams_electrical_power_box green_resurgence:diams_electrical_power_house green_resurgence:diams_electrical_power_distributor green_resurgence:diams_electrical_power_switch
electronique 4,wrench,green_resurgence:last_days_redstone_ore,,green_resurgence:last_days_redstone_ore green_resurgence:teien_redstone_block green_resurgence:last_days_bone_block green_resurgence:last_days_red_glazed_terracotta green_resurgence:last_days_lapis_block green_resurgence:last_days_cyan_glazed_terracotta green_resurgence:last_days_coal_block green_resurgence:last_days_smithing_table green_resurgence:last_days_pink_glazed_terracotta green_resurgence:last_days_lime_glazed_terracotta
electronique 4,wrench,,,green_resurgence:teien_lectern green_resurgence:last_days_lectern green_resurgence:teien_brewing_stand
electronique 5,wrench,,,green_resurgence:diams_pendantlight_rattan_dark green_resurgence:diams_lampshade_wool_black green_resurgence:diams_lampshade_wool_blue green_resurgence:diams_lampshade_wool_brown green_resurgence:diams_lampshade_wool_cyan green_resurgence:diams_lampshade_wool_gray green_resurgence:diams_lampshade_wool_green green_resurgence:diams_lampshade_wool_light_blue green_resurgence:diams_lampshade_wool_light_gray green_resurgence:diams_lampshade_wool_lime green_resurgence:diams_lampshade_wool_magenta green_resurgence:diams_lampshade_wool_orange green_resurgence:diams_lampshade_wool_pink green_resurgence:diams_lampshade_wool_purple green_resurgence:diams_lampshade_wool_red green_resurgence:diams_lampshade_wool_white green_resurgence:diams_lampshade_wool_yellow green_resurgence:diams_lamp_neon_vertical_intact green_resurgence:diams_lamp_neon_vertical_damaged green_resurgence:diams_lamp_marine_plastic green_resurgence:diams_lamp_marine_metal green_resurgence:diams_lamp_marine_gold green_resurgence:diams_lamp_marine_copper green_resurgence:diams_lamp_marine_black green_resurgence:diams_pendantlight_rattan_light green_resurgence:diams_lamp_ceiling_light_copper green_resurgence:diams_celling_lamp_light_bulb green_resurgence:diams_lamp_marine_big_plastic green_resurgence:diams_lamp_marine_big_metal green_resurgence:diams_lamp_marine_big_gold green_resurgence:diams_lamp_marine_big_copper green_resurgence:diams_lamp_marine_big_black green_resurgence:diams_lamp/ceiling_lamp_fan green_resurgence:diams_lamp_desk_plastic green_resurgence:diams_lamp_desk_metal green_resurgence:diams_lamp_desk_gold green_resurgence:diams_lamp_desk_copper green_resurgence:diams_lamp_desk_black
,,,,
,,,,
pierre 1,hammer,conquest:irregular_sandstone_tiles,,conquest:burlap_sack conquest:red_sand_and_vegetation conquest:red_sand_and_gravel conquest:sand_and_vegetation conquest:wet_sand_and_vegetation conquest:wet_sand_and_gravel conquest:sand_and_gravel conquest:wet_light_gray_sand conquest:wet_brown_sand conquest:wet_gray_sand conquest:brown_sand conquest:light_gray_sand conquest:orange_sand conquest:wet_tan_sand conquest:tan_sand conquest:gray_sand conquest:purple_sand minecraft:red_sand conquest:wet_sand minecraft:sand
pierre 2,hammer,conquest:dark_tuff,,conquest:peat conquest:dark_brown_sand conquest:dry_river_sand conquest:wet_river_sand
pierre 3,hammer,,,conquest:gray_sand conquest:wet_gray_sand conquest:wet_light_gray_sand conquest:clay_rich_mud minecraft:clay
pierre 4,hammer,conquest:rocky_soil,,conquest:cobblestone_roman_oven conquest:sandstone_dragon_head conquest:schist_dragon_head conquest:overgrown_chalky_soil conquest:mossy_chalky_soil conquest:chalky_soil conquest:dark_limestone_debris conquest:dark_gravel conquest:dark_gray_limestone_gravel conquest:overgrown_gray_limestone_gravel conquest:mossy_gray_limestone_gravel conquest:gray_limestone_gravel conquest:gray_gravel conquest:overgrown_pale_limestone_debris conquest:mossy_pale_limestone_debris conquest:pale_limestone_debris conquest:light_gravel conquest:white_gravel conquest:zen_garden_dirt conquest:mossy_schist_debris conquest:schist_debris conquest:brown_sandstone_debris conquest:overgrown_sandstone_debris conquest:mossy_sandstone_debris conquest:sandstone_debris conquest:overgrown_brown_gravel conquest:mossy_brown_gravel conquest:brown_gravel conquest:smooth_pebbles conquest:overgrown_small_stones conquest:mossy_small_stones conquest:small_stones minecraft:gravel
pierre 7,hammer,conquest:smooth_basalt,,minecraft:coal_ore conquest:stack_of_glowing_embers minecraft:coal_block
,,,,
vide,hand,green_resurgence:diams_car/car_1/car_1_back_trunk_right_open,green_resurgence:diams_car/car_1/car_1_back_trunk_left,green_resurgence:diams_car/car_1/car_1_back_trunk_right
vide,hand,green_resurgence:diams_car/car_1/car_1_back_trunk_left_open,green_resurgence:diams_car/car_1/car_1_back_trunk_right,green_resurgence:diams_car/car_1/car_1_back_trunk_left
,container,,,